LOCATION,INDICATOR,SUBJECT,MEASURE,FREQUENCY,TIME,Value,Flag Codes
AUS,WAGEGAP,EMPLOYEE,PC,A,1975,21.58273381,
AUS,WAGEGAP,EMPLOYEE,PC,A,1976,20.75471698,
AUS,WAGEGAP,EMPLOYEE,PC,A,1977,18.3908046,
AUS,WAGEGAP,EMPLOYEE,PC,A,1978,19.79166667,
AUS,WAGEGAP,EMPLOYEE,PC,A,1979,20,
AUS,WAGEGAP,EMPLOYEE,PC,A,1980,18.75,
AUS,WAGEGAP,EMPLOYEE,PC,A,1981,18.25396825,
AUS,WAGEGAP,EMPLOYEE,PC,A,1982,20.81911263,
AUS,WAGEGAP,EMPLOYEE,PC,A,1983,19.15584416,
AUS,WAGEGAP,EMPLOYEE,PC,A,1984,18.6746988,
AUS,WAGEGAP,EMPLOYEE,PC,A,1985,19.60784314,
AUS,WAGEGAP,EMPLOYEE,PC,A,1986,18.84816754,
AUS,WAGEGAP,EMPLOYEE,PC,A,1987,18.51851852,
AUS,WAGEGAP,EMPLOYEE,PC,A,1988,18.79350348,
AUS,WAGEGAP,EMPLOYEE,PC,A,1989,18.58974359,
AUS,WAGEGAP,EMPLOYEE,PC,A,1990,18.18181818,
AUS,WAGEGAP,EMPLOYEE,PC,A,1991,16.015625,
AUS,WAGEGAP,EMPLOYEE,PC,A,1992,14.25855513,
AUS,WAGEGAP,EMPLOYEE,PC,A,1993,13.22463768,
AUS,WAGEGAP,EMPLOYEE,PC,A,1994,14.40972222,
AUS,WAGEGAP,EMPLOYEE,PC,A,1995,14.47811448,
AUS,WAGEGAP,EMPLOYEE,PC,A,1997,15.25423729,
AUS,WAGEGAP,EMPLOYEE,PC,A,1998,13.24200913,
AUS,WAGEGAP,EMPLOYEE,PC,A,1999,14.28571429,
AUS,WAGEGAP,EMPLOYEE,PC,A,2000,17.2,
AUS,WAGEGAP,EMPLOYEE,PC,A,2001,14.34210526,
AUS,WAGEGAP,EMPLOYEE,PC,A,2002,15,
AUS,WAGEGAP,EMPLOYEE,PC,A,2003,13.04347826,
AUS,WAGEGAP,EMPLOYEE,PC,A,2004,14.35294118,
AUS,WAGEGAP,EMPLOYEE,PC,A,2005,15.77777778,
AUS,WAGEGAP,EMPLOYEE,PC,A,2006,16.66666667,
AUS,WAGEGAP,EMPLOYEE,PC,A,2007,15.4,
AUS,WAGEGAP,EMPLOYEE,PC,A,2008,11.93737769,
AUS,WAGEGAP,EMPLOYEE,PC,A,2009,16.36363636,
AUS,WAGEGAP,EMPLOYEE,PC,A,2010,14.04293381,
AUS,WAGEGAP,EMPLOYEE,PC,A,2011,15.96638656,
AUS,WAGEGAP,EMPLOYEE,PC,A,2012,13.75,
AUS,WAGEGAP,EMPLOYEE,PC,A,2013,18,
AUS,WAGEGAP,EMPLOYEE,PC,A,2014,15.77335375,
AUS,WAGEGAP,EMPLOYEE,PC,A,2015,13.30769231,
AUS,WAGEGAP,EMPLOYEE,PC,A,2016,13.72843211,
AUS,WAGEGAP,EMPLOYEE,PC,A,2017,13.00094822,
AUS,WAGEGAP,EMPLOYEE,PC,A,2018,13.44856744,
AUS,WAGEGAP,EMPLOYEE,PC,A,2019,15.31165312,
AUT,WAGEGAP,SELFEMPLOYED,PC,A,2003,51.79603577,
AUT,WAGEGAP,SELFEMPLOYED,PC,A,2004,49.96606827,
AUT,WAGEGAP,SELFEMPLOYED,PC,A,2005,49.89718247,
AUT,WAGEGAP,SELFEMPLOYED,PC,A,2006,47.26454544,
AUT,WAGEGAP,SELFEMPLOYED,PC,A,2007,48.46804047,
AUT,WAGEGAP,SELFEMPLOYED,PC,A,2008,48.60409927,
AUT,WAGEGAP,SELFEMPLOYED,PC,A,2009,46.53011704,
AUT,WAGEGAP,SELFEMPLOYED,PC,A,2010,45.36217117,
AUT,WAGEGAP,SELFEMPLOYED,PC,A,2011,44.05809784,
AUT,WAGEGAP,SELFEMPLOYED,PC,A,2012,45.36979675,
AUT,WAGEGAP,SELFEMPLOYED,PC,A,2013,46.31814575,
AUT,WAGEGAP,SELFEMPLOYED,PC,A,2014,48.71694565,
AUT,WAGEGAP,SELFEMPLOYED,PC,A,2015,52.27589417,
AUT,WAGEGAP,SELFEMPLOYED,PC,A,2016,52.44672012,
AUT,WAGEGAP,SELFEMPLOYED,PC,A,2017,44.66094971,
AUT,WAGEGAP,SELFEMPLOYED,PC,A,2018,40.94014359,
AUT,WAGEGAP,SELFEMPLOYED,PC,A,2019,36.96437454,
AUT,WAGEGAP,EMPLOYEE,PC,A,2000,23.14194309,
AUT,WAGEGAP,EMPLOYEE,PC,A,2001,22.80181782,
AUT,WAGEGAP,EMPLOYEE,PC,A,2002,24.48922362,
AUT,WAGEGAP,EMPLOYEE,PC,A,2003,21.13692198,
AUT,WAGEGAP,EMPLOYEE,PC,A,2004,22.43079216,
AUT,WAGEGAP,EMPLOYEE,PC,A,2005,22.03208575,
AUT,WAGEGAP,EMPLOYEE,PC,A,2006,21.85513043,
AUT,WAGEGAP,EMPLOYEE,PC,A,2007,21.63427637,
AUT,WAGEGAP,EMPLOYEE,PC,A,2008,20.91732027,
AUT,WAGEGAP,EMPLOYEE,PC,A,2009,19.35596592,
AUT,WAGEGAP,EMPLOYEE,PC,A,2010,19.18886268,
AUT,WAGEGAP,EMPLOYEE,PC,A,2011,18.55055412,
AUT,WAGEGAP,EMPLOYEE,PC,A,2012,18.18505684,
AUT,WAGEGAP,EMPLOYEE,PC,A,2013,18.05321141,
AUT,WAGEGAP,EMPLOYEE,PC,A,2014,17.72888425,
AUT,WAGEGAP,EMPLOYEE,PC,A,2015,17.04325299,
AUT,WAGEGAP,EMPLOYEE,PC,A,2016,15.67089964,
AUT,WAGEGAP,EMPLOYEE,PC,A,2017,15.38215397,
AUT,WAGEGAP,EMPLOYEE,PC,A,2018,14.87669089,
AUT,WAGEGAP,EMPLOYEE,PC,A,2019,14.01174081,
AUT,WAGEGAP,EMPLOYEE,PC,A,2020,12.38153967,
BEL,WAGEGAP,SELFEMPLOYED,PC,A,2003,42.56760025,
BEL,WAGEGAP,SELFEMPLOYED,PC,A,2004,44.5397644,
BEL,WAGEGAP,SELFEMPLOYED,PC,A,2005,46.87301254,
BEL,WAGEGAP,SELFEMPLOYED,PC,A,2006,45.03698731,
BEL,WAGEGAP,SELFEMPLOYED,PC,A,2007,41.820961,
BEL,WAGEGAP,SELFEMPLOYED,PC,A,2008,35.68281174,
BEL,WAGEGAP,SELFEMPLOYED,PC,A,2009,32.34273529,
BEL,WAGEGAP,SELFEMPLOYED,PC,A,2010,30.24333572,
BEL,WAGEGAP,SELFEMPLOYED,PC,A,2011,32.93947601,
BEL,WAGEGAP,SELFEMPLOYED,PC,A,2012,34.08844757,
BEL,WAGEGAP,SELFEMPLOYED,PC,A,2013,32.97843933,
BEL,WAGEGAP,SELFEMPLOYED,PC,A,2014,31.6250782,
BEL,WAGEGAP,SELFEMPLOYED,PC,A,2015,29.08433151,
BEL,WAGEGAP,SELFEMPLOYED,PC,A,2016,28.98452187,
BEL,WAGEGAP,SELFEMPLOYED,PC,A,2017,27.93323708,
BEL,WAGEGAP,SELFEMPLOYED,PC,A,2018,27.3945694,
BEL,WAGEGAP,SELFEMPLOYED,PC,A,2019,26.42213059,
BEL,WAGEGAP,EMPLOYEE,PC,A,1999,15.18298714,
BEL,WAGEGAP,EMPLOYEE,PC,A,2000,13.59923114,
BEL,WAGEGAP,EMPLOYEE,PC,A,2001,13.18681319,
BEL,WAGEGAP,EMPLOYEE,PC,A,2002,11.60471442,
BEL,WAGEGAP,EMPLOYEE,PC,A,2003,15.20518359,
BEL,WAGEGAP,EMPLOYEE,PC,A,2004,11.83206107,
BEL,WAGEGAP,EMPLOYEE,PC,A,2005,11.51109251,
BEL,WAGEGAP,EMPLOYEE,PC,A,2006,10.25326797,
BEL,WAGEGAP,EMPLOYEE,PC,A,2007,9.873617694,
BEL,WAGEGAP,EMPLOYEE,PC,A,2008,8.915753683,
BEL,WAGEGAP,EMPLOYEE,PC,A,2009,7.480461481,
BEL,WAGEGAP,EMPLOYEE,PC,A,2010,7.04379562,
BEL,WAGEGAP,EMPLOYEE,PC,A,2011,5.838108883,
BEL,WAGEGAP,EMPLOYEE,PC,A,2012,6.411149826,
BEL,WAGEGAP,EMPLOYEE,PC,A,2013,5.912863071,
BEL,WAGEGAP,EMPLOYEE,PC,A,2014,3.298900367,
BEL,WAGEGAP,EMPLOYEE,PC,A,2015,4.672,
BEL,WAGEGAP,EMPLOYEE,PC,A,2016,3.701298701,
BEL,WAGEGAP,EMPLOYEE,PC,A,2017,4.190296156,
BEL,WAGEGAP,EMPLOYEE,PC,A,2018,3.408756979,
BEL,WAGEGAP,EMPLOYEE,PC,A,2019,3.798185941,
CAN,WAGEGAP,SELFEMPLOYED,PC,A,2006,42.69449997,
CAN,WAGEGAP,SELFEMPLOYED,PC,A,2007,43.91199875,
CAN,WAGEGAP,SELFEMPLOYED,PC,A,2008,44.25500107,
CAN,WAGEGAP,SELFEMPLOYED,PC,A,2009,43.76966476,
CAN,WAGEGAP,SELFEMPLOYED,PC,A,2010,45.02733231,
CAN,WAGEGAP,SELFEMPLOYED,PC,A,2011,43.95533371,
CAN,WAGEGAP,SELFEMPLOYED,PC,A,2012,44.08633423,
CAN,WAGEGAP,SELFEMPLOYED,PC,A,2013,40.93199921,
CAN,WAGEGAP,SELFEMPLOYED,PC,A,2014,39.04933548,
CAN,WAGEGAP,SELFEMPLOYED,PC,A,2015,36.81399918,
CAN,WAGEGAP,SELFEMPLOYED,PC,A,2016,33.53933334,
CAN,WAGEGAP,SELFEMPLOYED,PC,A,2017,33.54102325,
CAN,WAGEGAP,SELFEMPLOYED,PC,A,2018,31.75894928,
CAN,WAGEGAP,SELFEMPLOYED,PC,A,2019,32.22192383,
CAN,WAGEGAP,EMPLOYEE,PC,A,1997,24.70588235,
CAN,WAGEGAP,EMPLOYEE,PC,A,1998,24.85549133,
CAN,WAGEGAP,EMPLOYEE,PC,A,1999,24,
CAN,WAGEGAP,EMPLOYEE,PC,A,2000,23.875,
CAN,WAGEGAP,EMPLOYEE,PC,A,2001,24.32457913,
CAN,WAGEGAP,EMPLOYEE,PC,A,2002,24.0131579,
CAN,WAGEGAP,EMPLOYEE,PC,A,2003,22.50234034,
CAN,WAGEGAP,EMPLOYEE,PC,A,2004,22.71794872,
CAN,WAGEGAP,EMPLOYEE,PC,A,2005,21.25,
CAN,WAGEGAP,EMPLOYEE,PC,A,2006,21.12332112,
CAN,WAGEGAP,EMPLOYEE,PC,A,2007,20.80823529,
CAN,WAGEGAP,EMPLOYEE,PC,A,2008,20.45454546,
CAN,WAGEGAP,EMPLOYEE,PC,A,2009,20.13186813,
CAN,WAGEGAP,EMPLOYEE,PC,A,2010,18.97746967,
CAN,WAGEGAP,EMPLOYEE,PC,A,2011,19.17553192,
CAN,WAGEGAP,EMPLOYEE,PC,A,2012,19.51123128,
CAN,WAGEGAP,EMPLOYEE,PC,A,2013,19.30323498,
CAN,WAGEGAP,EMPLOYEE,PC,A,2014,19.229,
CAN,WAGEGAP,EMPLOYEE,PC,A,2015,18.62745098,
CAN,WAGEGAP,EMPLOYEE,PC,A,2016,18.22115385,
CAN,WAGEGAP,EMPLOYEE,PC,A,2017,18.17322239,
CAN,WAGEGAP,EMPLOYEE,PC,A,2018,18.51851852,
CAN,WAGEGAP,EMPLOYEE,PC,A,2019,17.60714286,
CAN,WAGEGAP,EMPLOYEE,PC,A,2020,16.11253197,
CAN,WAGEGAP,EMPLOYEE,PC,A,2021,16.66666667,
CZE,WAGEGAP,SELFEMPLOYED,PC,A,2004,32.04641342,
CZE,WAGEGAP,SELFEMPLOYED,PC,A,2005,30.81534576,
CZE,WAGEGAP,SELFEMPLOYED,PC,A,2006,28.94941902,
CZE,WAGEGAP,SELFEMPLOYED,PC,A,2007,29.3561306,
CZE,WAGEGAP,SELFEMPLOYED,PC,A,2008,29.20800781,
CZE,WAGEGAP,SELFEMPLOYED,PC,A,2009,29.65451241,
CZE,WAGEGAP,SELFEMPLOYED,PC,A,2010,29.79795837,
CZE,WAGEGAP,SELFEMPLOYED,PC,A,2011,31.07322884,
CZE,WAGEGAP,SELFEMPLOYED,PC,A,2012,31.23534584,
CZE,WAGEGAP,SELFEMPLOYED,PC,A,2013,29.83840752,
CZE,WAGEGAP,SELFEMPLOYED,PC,A,2014,29.45221901,
CZE,WAGEGAP,SELFEMPLOYED,PC,A,2015,29.87954712,
CZE,WAGEGAP,SELFEMPLOYED,PC,A,2016,31.31771469,
CZE,WAGEGAP,SELFEMPLOYED,PC,A,2017,32.03011322,
CZE,WAGEGAP,SELFEMPLOYED,PC,A,2018,32.3183403,
CZE,WAGEGAP,SELFEMPLOYED,PC,A,2019,32.25138855,
CZE,WAGEGAP,EMPLOYEE,PC,A,1996,18.28985624,
CZE,WAGEGAP,EMPLOYEE,PC,A,1997,18.42904374,
CZE,WAGEGAP,EMPLOYEE,PC,A,1999,19.03031426,
CZE,WAGEGAP,EMPLOYEE,PC,A,2001,16.87662165,
CZE,WAGEGAP,EMPLOYEE,PC,A,2002,15.95069783,
CZE,WAGEGAP,EMPLOYEE,PC,A,2003,15.63749732,
CZE,WAGEGAP,EMPLOYEE,PC,A,2004,16.14681968,
CZE,WAGEGAP,EMPLOYEE,PC,A,2005,15.93892946,
CZE,WAGEGAP,EMPLOYEE,PC,A,2006,15.35176621,
CZE,WAGEGAP,EMPLOYEE,PC,A,2007,16.93153188,
CZE,WAGEGAP,EMPLOYEE,PC,A,2008,17.87301988,
CZE,WAGEGAP,EMPLOYEE,PC,A,2009,15.10501797,
CZE,WAGEGAP,EMPLOYEE,PC,A,2010,15.79850307,
CZE,WAGEGAP,EMPLOYEE,PC,A,2011,16.3296567,
CZE,WAGEGAP,EMPLOYEE,PC,A,2012,15.26297988,
CZE,WAGEGAP,EMPLOYEE,PC,A,2013,15.37883532,
CZE,WAGEGAP,EMPLOYEE,PC,A,2014,16.2545602,
CZE,WAGEGAP,EMPLOYEE,PC,A,2015,16.45515416,
CZE,WAGEGAP,EMPLOYEE,PC,A,2016,16.02343084,
CZE,WAGEGAP,EMPLOYEE,PC,A,2017,15.61401089,
CZE,WAGEGAP,EMPLOYEE,PC,A,2018,15.12741386,
CZE,WAGEGAP,EMPLOYEE,PC,A,2019,14.71433226,
CZE,WAGEGAP,EMPLOYEE,PC,A,2020,12.37286209,
CZE,WAGEGAP,EMPLOYEE,PC,A,2021,11.51874831,
DNK,WAGEGAP,SELFEMPLOYED,PC,A,2003,9.217194557,
DNK,WAGEGAP,SELFEMPLOYED,PC,A,2004,6.21394825,
DNK,WAGEGAP,SELFEMPLOYED,PC,A,2005,12.367589,
DNK,WAGEGAP,SELFEMPLOYED,PC,A,2006,12.00833225,
DNK,WAGEGAP,SELFEMPLOYED,PC,A,2007,17.15914536,
DNK,WAGEGAP,SELFEMPLOYED,PC,A,2008,11.08505154,
DNK,WAGEGAP,SELFEMPLOYED,PC,A,2009,16.10931015,
DNK,WAGEGAP,SELFEMPLOYED,PC,A,2010,17.46692658,
DNK,WAGEGAP,SELFEMPLOYED,PC,A,2011,22.2408905,
DNK,WAGEGAP,SELFEMPLOYED,PC,A,2012,23.14162254,
DNK,WAGEGAP,SELFEMPLOYED,PC,A,2013,-8.811937332,
DNK,WAGEGAP,SELFEMPLOYED,PC,A,2014,5.956777573,
DNK,WAGEGAP,SELFEMPLOYED,PC,A,2015,0.52541852,
DNK,WAGEGAP,SELFEMPLOYED,PC,A,2016,8.301862717,
DNK,WAGEGAP,SELFEMPLOYED,PC,A,2017,2.958868265,
DNK,WAGEGAP,SELFEMPLOYED,PC,A,2018,8.79658699,
DNK,WAGEGAP,SELFEMPLOYED,PC,A,2019,8.218702316,
DNK,WAGEGAP,EMPLOYEE,PC,A,2002,10.79707571,
DNK,WAGEGAP,EMPLOYEE,PC,A,2003,9.921804094,
DNK,WAGEGAP,EMPLOYEE,PC,A,2004,10.18220538,
DNK,WAGEGAP,EMPLOYEE,PC,A,2005,10.16733044,
DNK,WAGEGAP,EMPLOYEE,PC,A,2006,10.17206126,
DNK,WAGEGAP,EMPLOYEE,PC,A,2007,9.850297951,
DNK,WAGEGAP,EMPLOYEE,PC,A,2008,10.18354903,
DNK,WAGEGAP,EMPLOYEE,PC,A,2009,10.17200506,
DNK,WAGEGAP,EMPLOYEE,PC,A,2010,8.895098479,
DNK,WAGEGAP,EMPLOYEE,PC,A,2011,7.947197254,
DNK,WAGEGAP,EMPLOYEE,PC,A,2012,6.999844876,
DNK,WAGEGAP,EMPLOYEE,PC,A,2013,6.768911945,
DNK,WAGEGAP,EMPLOYEE,PC,A,2014,6.323865695,
DNK,WAGEGAP,EMPLOYEE,PC,A,2015,5.836048113,
DNK,WAGEGAP,EMPLOYEE,PC,A,2016,5.732628038,
DNK,WAGEGAP,EMPLOYEE,PC,A,2017,5.296691966,
DNK,WAGEGAP,EMPLOYEE,PC,A,2018,4.86320601,
DNK,WAGEGAP,EMPLOYEE,PC,A,2019,5.059215628,
DNK,WAGEGAP,EMPLOYEE,PC,A,2020,4.994399736,
FIN,WAGEGAP,SELFEMPLOYED,PC,A,2003,32.75013351,
FIN,WAGEGAP,SELFEMPLOYED,PC,A,2004,35.39672852,
FIN,WAGEGAP,SELFEMPLOYED,PC,A,2005,41.99132919,
FIN,WAGEGAP,SELFEMPLOYED,PC,A,2006,39.51993942,
FIN,WAGEGAP,SELFEMPLOYED,PC,A,2007,39.91036224,
FIN,WAGEGAP,SELFEMPLOYED,PC,A,2008,36.90219879,
FIN,WAGEGAP,SELFEMPLOYED,PC,A,2009,35.94009018,
FIN,WAGEGAP,SELFEMPLOYED,PC,A,2010,33.25018692,
FIN,WAGEGAP,SELFEMPLOYED,PC,A,2011,34.80309677,
FIN,WAGEGAP,SELFEMPLOYED,PC,A,2012,34.58147812,
FIN,WAGEGAP,SELFEMPLOYED,PC,A,2013,30.3151226,
FIN,WAGEGAP,SELFEMPLOYED,PC,A,2014,25.81993675,
FIN,WAGEGAP,SELFEMPLOYED,PC,A,2015,23.62265205,
FIN,WAGEGAP,SELFEMPLOYED,PC,A,2016,25.35081291,
FIN,WAGEGAP,SELFEMPLOYED,PC,A,2017,25.29186821,
FIN,WAGEGAP,SELFEMPLOYED,PC,A,2018,20.91804314,
FIN,WAGEGAP,SELFEMPLOYED,PC,A,2019,18.2511425,
FIN,WAGEGAP,EMPLOYEE,PC,A,1977,27.69040181,
FIN,WAGEGAP,EMPLOYEE,PC,A,1978,27.0886076,
FIN,WAGEGAP,EMPLOYEE,PC,A,1979,27.16894977,
FIN,WAGEGAP,EMPLOYEE,PC,A,1980,26.62381868,
FIN,WAGEGAP,EMPLOYEE,PC,A,1982,25.96153846,
FIN,WAGEGAP,EMPLOYEE,PC,A,1983,25.63174292,
FIN,WAGEGAP,EMPLOYEE,PC,A,1984,23.4270415,
FIN,WAGEGAP,EMPLOYEE,PC,A,1986,22.53142039,
FIN,WAGEGAP,EMPLOYEE,PC,A,1987,23.61284007,
FIN,WAGEGAP,EMPLOYEE,PC,A,1988,23.04579444,
FIN,WAGEGAP,EMPLOYEE,PC,A,1989,23.5590355,
FIN,WAGEGAP,EMPLOYEE,PC,A,1990,22.862102,
FIN,WAGEGAP,EMPLOYEE,PC,A,1991,21.46774696,
FIN,WAGEGAP,EMPLOYEE,PC,A,1992,20.28498619,
FIN,WAGEGAP,EMPLOYEE,PC,A,1993,21.9848125,
FIN,WAGEGAP,EMPLOYEE,PC,A,1994,23.14957875,
FIN,WAGEGAP,EMPLOYEE,PC,A,1995,22.40219409,
FIN,WAGEGAP,EMPLOYEE,PC,A,1996,20.58266966,
FIN,WAGEGAP,EMPLOYEE,PC,A,1997,21.33201166,
FIN,WAGEGAP,EMPLOYEE,PC,A,1998,20.80042641,
FIN,WAGEGAP,EMPLOYEE,PC,A,1999,21.71623611,
FIN,WAGEGAP,EMPLOYEE,PC,A,2000,20.42748918,
FIN,WAGEGAP,EMPLOYEE,PC,A,2001,21.23909129,
FIN,WAGEGAP,EMPLOYEE,PC,A,2002,20.37320281,
FIN,WAGEGAP,EMPLOYEE,PC,A,2003,20.09925558,
FIN,WAGEGAP,EMPLOYEE,PC,A,2004,20.01515104,
FIN,WAGEGAP,EMPLOYEE,PC,A,2005,18.94169403,
FIN,WAGEGAP,EMPLOYEE,PC,A,2006,19.37479454,
FIN,WAGEGAP,EMPLOYEE,PC,A,2007,21.37690409,
FIN,WAGEGAP,EMPLOYEE,PC,A,2008,21.23395266,
FIN,WAGEGAP,EMPLOYEE,PC,A,2009,19.67567279,
FIN,WAGEGAP,EMPLOYEE,PC,A,2010,18.87699985,
FIN,WAGEGAP,EMPLOYEE,PC,A,2011,18.6076171,
FIN,WAGEGAP,EMPLOYEE,PC,A,2012,18.72607453,
FIN,WAGEGAP,EMPLOYEE,PC,A,2013,20.17843271,
FIN,WAGEGAP,EMPLOYEE,PC,A,2014,19.60907945,
FIN,WAGEGAP,EMPLOYEE,PC,A,2015,18.05598132,
FIN,WAGEGAP,EMPLOYEE,PC,A,2016,16.47225837,
FIN,WAGEGAP,EMPLOYEE,PC,A,2017,17.71792064,
FIN,WAGEGAP,EMPLOYEE,PC,A,2018,18.85520372,
FIN,WAGEGAP,EMPLOYEE,PC,A,2019,17.15982964,
FIN,WAGEGAP,EMPLOYEE,PC,A,2020,15.97860496,
FRA,WAGEGAP,SELFEMPLOYED,PC,A,2003,37.42920303,
FRA,WAGEGAP,SELFEMPLOYED,PC,A,2004,33.92564011,
FRA,WAGEGAP,SELFEMPLOYED,PC,A,2005,31.85079956,
FRA,WAGEGAP,SELFEMPLOYED,PC,A,2006,32.93478394,
FRA,WAGEGAP,SELFEMPLOYED,PC,A,2007,36.22702789,
FRA,WAGEGAP,SELFEMPLOYED,PC,A,2008,35.96268463,
FRA,WAGEGAP,SELFEMPLOYED,PC,A,2009,31.63294792,
FRA,WAGEGAP,SELFEMPLOYED,PC,A,2010,29.94970894,
FRA,WAGEGAP,SELFEMPLOYED,PC,A,2011,30.46350288,
FRA,WAGEGAP,SELFEMPLOYED,PC,A,2012,30.18752098,
FRA,WAGEGAP,SELFEMPLOYED,PC,A,2013,24.59713554,
FRA,WAGEGAP,SELFEMPLOYED,PC,A,2014,23.69845963,
FRA,WAGEGAP,SELFEMPLOYED,PC,A,2015,20.22061539,
FRA,WAGEGAP,SELFEMPLOYED,PC,A,2016,17.93905067,
FRA,WAGEGAP,SELFEMPLOYED,PC,A,2017,11.41335201,
FRA,WAGEGAP,SELFEMPLOYED,PC,A,2018,8.236057282,
FRA,WAGEGAP,EMPLOYEE,PC,A,2002,13.30472103,
FRA,WAGEGAP,EMPLOYEE,PC,A,2006,9.390746679,
FRA,WAGEGAP,EMPLOYEE,PC,A,2010,9.118807541,
FRA,WAGEGAP,EMPLOYEE,PC,A,2014,9.872102318,
FRA,WAGEGAP,EMPLOYEE,PC,A,2018,11.82380216,
DEU,WAGEGAP,EMPLOYEE,PC,A,1992,27.10126582,
DEU,WAGEGAP,EMPLOYEE,PC,A,1993,22.94117647,
DEU,WAGEGAP,EMPLOYEE,PC,A,1994,21.07279694,
DEU,WAGEGAP,EMPLOYEE,PC,A,1995,19.54448662,
DEU,WAGEGAP,EMPLOYEE,PC,A,1996,20.74468085,
DEU,WAGEGAP,EMPLOYEE,PC,A,1997,21.57534247,
DEU,WAGEGAP,EMPLOYEE,PC,A,1998,20.61405001,
DEU,WAGEGAP,EMPLOYEE,PC,A,1999,20.58643861,
DEU,WAGEGAP,EMPLOYEE,PC,A,2000,19.53642384,
DEU,WAGEGAP,EMPLOYEE,PC,A,2001,19.1006514,
DEU,WAGEGAP,EMPLOYEE,PC,A,2002,18.63354037,
DEU,WAGEGAP,EMPLOYEE,PC,A,2003,19.8205378,
DEU,WAGEGAP,EMPLOYEE,PC,A,2004,21.24478442,
DEU,WAGEGAP,EMPLOYEE,PC,A,2005,16.81415929,
DEU,WAGEGAP,EMPLOYEE,PC,A,2006,18.54252199,
DEU,WAGEGAP,EMPLOYEE,PC,A,2007,16.95906433,
DEU,WAGEGAP,EMPLOYEE,PC,A,2008,16.95906433,
DEU,WAGEGAP,EMPLOYEE,PC,A,2009,16.95859873,
DEU,WAGEGAP,EMPLOYEE,PC,A,2010,16.69471558,
DEU,WAGEGAP,EMPLOYEE,PC,A,2011,16.94444444,
DEU,WAGEGAP,EMPLOYEE,PC,A,2012,16.30434783,
DEU,WAGEGAP,EMPLOYEE,PC,A,2013,14.32328767,
DEU,WAGEGAP,EMPLOYEE,PC,A,2014,17.1875,
DEU,WAGEGAP,EMPLOYEE,PC,A,2015,16.13722999,
DEU,WAGEGAP,EMPLOYEE,PC,A,2016,15.82914573,
DEU,WAGEGAP,EMPLOYEE,PC,A,2017,14.4278607,
DEU,WAGEGAP,EMPLOYEE,PC,A,2018,15.44439048,
DEU,WAGEGAP,EMPLOYEE,PC,A,2019,13.98721731,
DEU,WAGEGAP,EMPLOYEE,PC,A,2020,14.20261755,
GRC,WAGEGAP,SELFEMPLOYED,PC,A,2006,41.97552109,
GRC,WAGEGAP,SELFEMPLOYED,PC,A,2007,39.18744278,
GRC,WAGEGAP,SELFEMPLOYED,PC,A,2008,38.11278153,
GRC,WAGEGAP,SELFEMPLOYED,PC,A,2009,42.14683914,
GRC,WAGEGAP,SELFEMPLOYED,PC,A,2010,44.00847626,
GRC,WAGEGAP,SELFEMPLOYED,PC,A,2011,46.31140137,
GRC,WAGEGAP,SELFEMPLOYED,PC,A,2012,39.93062592,
GRC,WAGEGAP,SELFEMPLOYED,PC,A,2013,36.72299194,
GRC,WAGEGAP,SELFEMPLOYED,PC,A,2014,34.51300049,
GRC,WAGEGAP,SELFEMPLOYED,PC,A,2015,33.9370079,
GRC,WAGEGAP,SELFEMPLOYED,PC,A,2016,33.97588348,
GRC,WAGEGAP,SELFEMPLOYED,PC,A,2017,35.66890335,
GRC,WAGEGAP,SELFEMPLOYED,PC,A,2018,38.32703018,
GRC,WAGEGAP,SELFEMPLOYED,PC,A,2019,39.41582108,
GRC,WAGEGAP,EMPLOYEE,PC,A,2002,23.56575463,
GRC,WAGEGAP,EMPLOYEE,PC,A,2006,17.72575251,
GRC,WAGEGAP,EMPLOYEE,PC,A,2010,9.90990991,
GRC,WAGEGAP,EMPLOYEE,PC,A,2014,7.171581769,
GRC,WAGEGAP,EMPLOYEE,PC,A,2018,5.909090909,
GRC,WAGEGAP,EMPLOYEE,PC,A,2019,5.909090909,
HUN,WAGEGAP,SELFEMPLOYED,PC,A,2004,29.28654671,
HUN,WAGEGAP,SELFEMPLOYED,PC,A,2005,26.68621635,
HUN,WAGEGAP,SELFEMPLOYED,PC,A,2006,26.58703232,
HUN,WAGEGAP,SELFEMPLOYED,PC,A,2007,23.90537071,
HUN,WAGEGAP,SELFEMPLOYED,PC,A,2008,27.65794563,
HUN,WAGEGAP,SELFEMPLOYED,PC,A,2009,32.13243103,
HUN,WAGEGAP,SELFEMPLOYED,PC,A,2010,34.46658707,
HUN,WAGEGAP,SELFEMPLOYED,PC,A,2011,32.55421066,
HUN,WAGEGAP,SELFEMPLOYED,PC,A,2012,25.82737351,
HUN,WAGEGAP,SELFEMPLOYED,PC,A,2013,21.6187706,
HUN,WAGEGAP,SELFEMPLOYED,PC,A,2014,18.83894539,
HUN,WAGEGAP,SELFEMPLOYED,PC,A,2015,18.90466118,
HUN,WAGEGAP,SELFEMPLOYED,PC,A,2016,11.1940403,
HUN,WAGEGAP,SELFEMPLOYED,PC,A,2017,9.602656364,
HUN,WAGEGAP,SELFEMPLOYED,PC,A,2018,10.70953941,
HUN,WAGEGAP,SELFEMPLOYED,PC,A,2019,16.16854858,
HUN,WAGEGAP,EMPLOYEE,PC,A,1989,25.97997942,
HUN,WAGEGAP,EMPLOYEE,PC,A,1992,17.39109272,
HUN,WAGEGAP,EMPLOYEE,PC,A,1993,7.948628948,
HUN,WAGEGAP,EMPLOYEE,PC,A,1994,15.18105405,
HUN,WAGEGAP,EMPLOYEE,PC,A,1995,15.75400169,
HUN,WAGEGAP,EMPLOYEE,PC,A,1996,17.77534924,
HUN,WAGEGAP,EMPLOYEE,PC,A,1998,15.67189287,
HUN,WAGEGAP,EMPLOYEE,PC,A,1999,15.30123115,
HUN,WAGEGAP,EMPLOYEE,PC,A,2000,14.09876804,
HUN,WAGEGAP,EMPLOYEE,PC,A,2001,13.68978149,
HUN,WAGEGAP,EMPLOYEE,PC,A,2002,9.129712294,
HUN,WAGEGAP,EMPLOYEE,PC,A,2003,1.47600449,
HUN,WAGEGAP,EMPLOYEE,PC,A,2004,3.034373765,
HUN,WAGEGAP,EMPLOYEE,PC,A,2005,4.021526574,
HUN,WAGEGAP,EMPLOYEE,PC,A,2006,0.384387036,
HUN,WAGEGAP,EMPLOYEE,PC,A,2007,3.648106127,
HUN,WAGEGAP,EMPLOYEE,PC,A,2008,2.22065446,
HUN,WAGEGAP,EMPLOYEE,PC,A,2009,3.87608807,
HUN,WAGEGAP,EMPLOYEE,PC,A,2010,6.381712252,
HUN,WAGEGAP,EMPLOYEE,PC,A,2011,6.863905325,
HUN,WAGEGAP,EMPLOYEE,PC,A,2012,11.33246244,
HUN,WAGEGAP,EMPLOYEE,PC,A,2013,8.723650635,
HUN,WAGEGAP,EMPLOYEE,PC,A,2014,3.772605527,
HUN,WAGEGAP,EMPLOYEE,PC,A,2015,9.523809524,
HUN,WAGEGAP,EMPLOYEE,PC,A,2016,9.364317181,
HUN,WAGEGAP,EMPLOYEE,PC,A,2017,5.320268655,
HUN,WAGEGAP,EMPLOYEE,PC,A,2018,5.063214286,
HUN,WAGEGAP,EMPLOYEE,PC,A,2019,12.7536732,
HUN,WAGEGAP,EMPLOYEE,PC,A,2020,12.35001644,
ISL,WAGEGAP,SELFEMPLOYED,PC,A,2003,44.34154511,
ISL,WAGEGAP,SELFEMPLOYED,PC,A,2004,40.79682922,
ISL,WAGEGAP,SELFEMPLOYED,PC,A,2005,34.34326172,
ISL,WAGEGAP,SELFEMPLOYED,PC,A,2006,28.28174973,
ISL,WAGEGAP,SELFEMPLOYED,PC,A,2007,24.90111351,
ISL,WAGEGAP,SELFEMPLOYED,PC,A,2008,20.50067139,
ISL,WAGEGAP,SELFEMPLOYED,PC,A,2009,15.90235615,
ISL,WAGEGAP,SELFEMPLOYED,PC,A,2010,11.35181809,
ISL,WAGEGAP,SELFEMPLOYED,PC,A,2011,17.47073746,
ISL,WAGEGAP,SELFEMPLOYED,PC,A,2012,24.54683876,
ISL,WAGEGAP,SELFEMPLOYED,PC,A,2013,25.99329186,
ISL,WAGEGAP,SELFEMPLOYED,PC,A,2014,16.88981056,
ISL,WAGEGAP,SELFEMPLOYED,PC,A,2015,11.49161243,
ISL,WAGEGAP,SELFEMPLOYED,PC,A,2016,15.07132721,
ISL,WAGEGAP,SELFEMPLOYED,PC,A,2017,21.64995384,
ISL,WAGEGAP,EMPLOYEE,PC,A,2002,28.72213492,
ISL,WAGEGAP,EMPLOYEE,PC,A,2006,23.2696281,
ISL,WAGEGAP,EMPLOYEE,PC,A,2010,16.46039604,
ISL,WAGEGAP,EMPLOYEE,PC,A,2014,13.84083045,
ISL,WAGEGAP,EMPLOYEE,PC,A,2018,12.90124719,
IRL,WAGEGAP,SELFEMPLOYED,PC,A,2003,25.48210335,
IRL,WAGEGAP,SELFEMPLOYED,PC,A,2004,28.41180801,
IRL,WAGEGAP,SELFEMPLOYED,PC,A,2005,28.56873322,
IRL,WAGEGAP,SELFEMPLOYED,PC,A,2006,33.6466713,
IRL,WAGEGAP,SELFEMPLOYED,PC,A,2007,29.99949265,
IRL,WAGEGAP,SELFEMPLOYED,PC,A,2008,26.54109955,
IRL,WAGEGAP,SELFEMPLOYED,PC,A,2009,19.36640167,
IRL,WAGEGAP,SELFEMPLOYED,PC,A,2010,21.43107033,
IRL,WAGEGAP,SELFEMPLOYED,PC,A,2011,23.74650383,
IRL,WAGEGAP,SELFEMPLOYED,PC,A,2012,29.43342972,
IRL,WAGEGAP,SELFEMPLOYED,PC,A,2013,33.00791168,
IRL,WAGEGAP,SELFEMPLOYED,PC,A,2014,36.74192047,
IRL,WAGEGAP,SELFEMPLOYED,PC,A,2015,38.54148102,
IRL,WAGEGAP,SELFEMPLOYED,PC,A,2016,35.53519821,
IRL,WAGEGAP,SELFEMPLOYED,PC,A,2017,35.40726471,
IRL,WAGEGAP,EMPLOYEE,PC,A,2002,17.76903826,
IRL,WAGEGAP,EMPLOYEE,PC,A,2006,19.6020196,
IRL,WAGEGAP,EMPLOYEE,PC,A,2010,14.34586466,
IRL,WAGEGAP,EMPLOYEE,PC,A,2014,10.60606061,
IRL,WAGEGAP,EMPLOYEE,PC,A,2018,8.284023669,
ITA,WAGEGAP,SELFEMPLOYED,PC,A,2006,48.01535797,
ITA,WAGEGAP,SELFEMPLOYED,PC,A,2007,48.11111832,
ITA,WAGEGAP,SELFEMPLOYED,PC,A,2008,46.70809174,
ITA,WAGEGAP,SELFEMPLOYED,PC,A,2009,49.46836853,
ITA,WAGEGAP,SELFEMPLOYED,PC,A,2010,52.61963654,
ITA,WAGEGAP,SELFEMPLOYED,PC,A,2011,55.42611694,
ITA,WAGEGAP,SELFEMPLOYED,PC,A,2012,55.89086914,
ITA,WAGEGAP,SELFEMPLOYED,PC,A,2013,53.43215561,
ITA,WAGEGAP,SELFEMPLOYED,PC,A,2014,52.68531799,
ITA,WAGEGAP,SELFEMPLOYED,PC,A,2015,48.54083252,
ITA,WAGEGAP,SELFEMPLOYED,PC,A,2016,46.39992523,
ITA,WAGEGAP,SELFEMPLOYED,PC,A,2017,44.92647934,
ITA,WAGEGAP,EMPLOYEE,PC,A,2002,15.72510192,
ITA,WAGEGAP,EMPLOYEE,PC,A,2006,10.51282051,
ITA,WAGEGAP,EMPLOYEE,PC,A,2010,5.640535373,
ITA,WAGEGAP,EMPLOYEE,PC,A,2014,6.584723442,
ITA,WAGEGAP,EMPLOYEE,PC,A,2018,5.708061002,
ITA,WAGEGAP,EMPLOYEE,PC,A,2019,7.64015246,
JPN,WAGEGAP,EMPLOYEE,PC,A,1975,42.38975818,
JPN,WAGEGAP,EMPLOYEE,PC,A,1976,39.74175036,
JPN,WAGEGAP,EMPLOYEE,PC,A,1977,40.32679739,
JPN,WAGEGAP,EMPLOYEE,PC,A,1978,40.5654579,
JPN,WAGEGAP,EMPLOYEE,PC,A,1979,41.31319001,
JPN,WAGEGAP,EMPLOYEE,PC,A,1980,41.68030551,
JPN,WAGEGAP,EMPLOYEE,PC,A,1981,41.95696721,
JPN,WAGEGAP,EMPLOYEE,PC,A,1982,42.15925745,
JPN,WAGEGAP,EMPLOYEE,PC,A,1983,41.90340909,
JPN,WAGEGAP,EMPLOYEE,PC,A,1984,41.9340055,
JPN,WAGEGAP,EMPLOYEE,PC,A,1985,41.65927241,
JPN,WAGEGAP,EMPLOYEE,PC,A,1986,41.60552439,
JPN,WAGEGAP,EMPLOYEE,PC,A,1987,41.22621565,
JPN,WAGEGAP,EMPLOYEE,PC,A,1988,41.01821192,
JPN,WAGEGAP,EMPLOYEE,PC,A,1989,40.9633758,
JPN,WAGEGAP,EMPLOYEE,PC,A,1990,40.59893859,
JPN,WAGEGAP,EMPLOYEE,PC,A,1991,39.8989899,
JPN,WAGEGAP,EMPLOYEE,PC,A,1992,38.88499299,
JPN,WAGEGAP,EMPLOYEE,PC,A,1993,38.45094664,
JPN,WAGEGAP,EMPLOYEE,PC,A,1994,37.81597573,
JPN,WAGEGAP,EMPLOYEE,PC,A,1995,37.090301,
JPN,WAGEGAP,EMPLOYEE,PC,A,1996,36.8473232,
JPN,WAGEGAP,EMPLOYEE,PC,A,1997,36.52145431,
JPN,WAGEGAP,EMPLOYEE,PC,A,1998,35.307667,
JPN,WAGEGAP,EMPLOYEE,PC,A,1999,34.55083909,
JPN,WAGEGAP,EMPLOYEE,PC,A,2000,33.85930309,
JPN,WAGEGAP,EMPLOYEE,PC,A,2001,33.86467144,
JPN,WAGEGAP,EMPLOYEE,PC,A,2002,32.52972259,
JPN,WAGEGAP,EMPLOYEE,PC,A,2003,31.99735012,
JPN,WAGEGAP,EMPLOYEE,PC,A,2004,31.08739159,
JPN,WAGEGAP,EMPLOYEE,PC,A,2005,32.82543889,
JPN,WAGEGAP,EMPLOYEE,PC,A,2006,32.98083278,
JPN,WAGEGAP,EMPLOYEE,PC,A,2007,31.7423231,
JPN,WAGEGAP,EMPLOYEE,PC,A,2008,30.69439785,
JPN,WAGEGAP,EMPLOYEE,PC,A,2009,28.28492393,
JPN,WAGEGAP,EMPLOYEE,PC,A,2010,28.68430093,
JPN,WAGEGAP,EMPLOYEE,PC,A,2011,27.39536493,
JPN,WAGEGAP,EMPLOYEE,PC,A,2012,26.52354571,
JPN,WAGEGAP,EMPLOYEE,PC,A,2013,26.58757851,
JPN,WAGEGAP,EMPLOYEE,PC,A,2014,25.87099,
JPN,WAGEGAP,EMPLOYEE,PC,A,2015,25.73179033,
JPN,WAGEGAP,EMPLOYEE,PC,A,2016,24.60128945,
JPN,WAGEGAP,EMPLOYEE,PC,A,2017,24.51809266,
JPN,WAGEGAP,EMPLOYEE,PC,A,2018,23.53736896,
JPN,WAGEGAP,EMPLOYEE,PC,A,2019,23.48001344,
JPN,WAGEGAP,EMPLOYEE,PC,A,2020,22.51856854,
JPN,WAGEGAP,EMPLOYEE,PC,A,2021,22.11376641,
KOR,WAGEGAP,EMPLOYEE,PC,A,1985,52.77623551,
KOR,WAGEGAP,EMPLOYEE,PC,A,1992,46.96548718,
KOR,WAGEGAP,EMPLOYEE,PC,A,1993,47.26031779,
KOR,WAGEGAP,EMPLOYEE,PC,A,1994,45.50637632,
KOR,WAGEGAP,EMPLOYEE,PC,A,1995,44.18220588,
KOR,WAGEGAP,EMPLOYEE,PC,A,1996,43.28277957,
KOR,WAGEGAP,EMPLOYEE,PC,A,1997,42.21548579,
KOR,WAGEGAP,EMPLOYEE,PC,A,1998,42.02184197,
KOR,WAGEGAP,EMPLOYEE,PC,A,1999,41.80339811,
KOR,WAGEGAP,EMPLOYEE,PC,A,2000,41.65435244,
KOR,WAGEGAP,EMPLOYEE,PC,A,2001,40.41614049,
KOR,WAGEGAP,EMPLOYEE,PC,A,2002,41.02851279,
KOR,WAGEGAP,EMPLOYEE,PC,A,2003,40.08315463,
KOR,WAGEGAP,EMPLOYEE,PC,A,2004,39.62354825,
KOR,WAGEGAP,EMPLOYEE,PC,A,2005,39.61663236,
KOR,WAGEGAP,EMPLOYEE,PC,A,2006,39.77414431,
KOR,WAGEGAP,EMPLOYEE,PC,A,2007,38.16206428,
KOR,WAGEGAP,EMPLOYEE,PC,A,2008,39.03744173,
KOR,WAGEGAP,EMPLOYEE,PC,A,2009,38.6146827,
KOR,WAGEGAP,EMPLOYEE,PC,A,2010,39.60585734,
KOR,WAGEGAP,EMPLOYEE,PC,A,2011,36.5642295,
KOR,WAGEGAP,EMPLOYEE,PC,A,2012,36.29852997,
KOR,WAGEGAP,EMPLOYEE,PC,A,2013,36.59963437,
KOR,WAGEGAP,EMPLOYEE,PC,A,2014,36.65317614,
KOR,WAGEGAP,EMPLOYEE,PC,A,2015,37.17628175,
KOR,WAGEGAP,EMPLOYEE,PC,A,2016,36.66666667,
KOR,WAGEGAP,EMPLOYEE,PC,A,2017,34.61738256,
KOR,WAGEGAP,EMPLOYEE,PC,A,2018,34.10731095,
KOR,WAGEGAP,EMPLOYEE,PC,A,2019,32.48044472,
KOR,WAGEGAP,EMPLOYEE,PC,A,2020,31.48475223,
KOR,WAGEGAP,EMPLOYEE,PC,A,2021,31.06483944,
LUX,WAGEGAP,SELFEMPLOYED,PC,A,2003,46.46173477,
LUX,WAGEGAP,SELFEMPLOYED,PC,A,2004,45.35270691,
LUX,WAGEGAP,SELFEMPLOYED,PC,A,2005,37.06575775,
LUX,WAGEGAP,SELFEMPLOYED,PC,A,2006,42.77445984,
LUX,WAGEGAP,SELFEMPLOYED,PC,A,2007,45.74540329,
LUX,WAGEGAP,SELFEMPLOYED,PC,A,2008,44.47558212,
LUX,WAGEGAP,SELFEMPLOYED,PC,A,2009,36.78251267,
LUX,WAGEGAP,SELFEMPLOYED,PC,A,2010,25.90632629,
LUX,WAGEGAP,SELFEMPLOYED,PC,A,2011,22.9095974,
LUX,WAGEGAP,SELFEMPLOYED,PC,A,2012,16.37858391,
LUX,WAGEGAP,SELFEMPLOYED,PC,A,2013,11.02102947,
LUX,WAGEGAP,SELFEMPLOYED,PC,A,2014,4.596394062,
LUX,WAGEGAP,SELFEMPLOYED,PC,A,2015,7.989195824,
LUX,WAGEGAP,SELFEMPLOYED,PC,A,2016,11.55258179,
LUX,WAGEGAP,SELFEMPLOYED,PC,A,2017,15.51787949,
LUX,WAGEGAP,SELFEMPLOYED,PC,A,2018,19.16322136,
LUX,WAGEGAP,SELFEMPLOYED,PC,A,2019,20.98077202,
LUX,WAGEGAP,EMPLOYEE,PC,A,2002,15.08852964,
LUX,WAGEGAP,EMPLOYEE,PC,A,2006,7.668067227,
LUX,WAGEGAP,EMPLOYEE,PC,A,2010,4.592164419,
LUX,WAGEGAP,EMPLOYEE,PC,A,2014,3.402916786,
MEX,WAGEGAP,EMPLOYEE,PC,A,2005,16.66666667,
MEX,WAGEGAP,EMPLOYEE,PC,A,2006,18.60465116,
MEX,WAGEGAP,EMPLOYEE,PC,A,2007,12.5,
MEX,WAGEGAP,EMPLOYEE,PC,A,2008,22.22222222,
MEX,WAGEGAP,EMPLOYEE,PC,A,2009,16.66666667,
MEX,WAGEGAP,EMPLOYEE,PC,A,2010,11.62790698,
MEX,WAGEGAP,EMPLOYEE,PC,A,2011,10,
MEX,WAGEGAP,EMPLOYEE,PC,A,2012,13.55555556,
MEX,WAGEGAP,EMPLOYEE,PC,A,2013,15.43340381,
MEX,WAGEGAP,EMPLOYEE,PC,A,2014,18.3,
MEX,WAGEGAP,EMPLOYEE,PC,A,2015,16.66666667,
MEX,WAGEGAP,EMPLOYEE,PC,A,2016,16.49224806,
MEX,WAGEGAP,EMPLOYEE,PC,A,2017,11.11111111,
MEX,WAGEGAP,EMPLOYEE,PC,A,2018,14,
MEX,WAGEGAP,EMPLOYEE,PC,A,2021,12.5,
NLD,WAGEGAP,SELFEMPLOYED,PC,A,2004,37.01441956,
NLD,WAGEGAP,SELFEMPLOYED,PC,A,2005,38.55966187,
NLD,WAGEGAP,SELFEMPLOYED,PC,A,2006,42.26967621,
NLD,WAGEGAP,SELFEMPLOYED,PC,A,2007,44.1686821,
NLD,WAGEGAP,SELFEMPLOYED,PC,A,2008,41.46989441,
NLD,WAGEGAP,SELFEMPLOYED,PC,A,2009,35.05298615,
NLD,WAGEGAP,SELFEMPLOYED,PC,A,2010,30.31409645,
NLD,WAGEGAP,SELFEMPLOYED,PC,A,2011,27.78574181,
NLD,WAGEGAP,SELFEMPLOYED,PC,A,2012,26.04763031,
NLD,WAGEGAP,SELFEMPLOYED,PC,A,2013,22.18449974,
NLD,WAGEGAP,SELFEMPLOYED,PC,A,2014,24.55051041,
NLD,WAGEGAP,SELFEMPLOYED,PC,A,2015,28.814785,
NLD,WAGEGAP,SELFEMPLOYED,PC,A,2016,32.02464676,
NLD,WAGEGAP,SELFEMPLOYED,PC,A,2017,30.72612,
NLD,WAGEGAP,SELFEMPLOYED,PC,A,2018,28.28568649,
NLD,WAGEGAP,SELFEMPLOYED,PC,A,2019,27.43834496,
NLD,WAGEGAP,EMPLOYEE,PC,A,2002,15.64,
NLD,WAGEGAP,EMPLOYEE,PC,A,2006,15.98246313,
NLD,WAGEGAP,EMPLOYEE,PC,A,2010,17.88914703,
NLD,WAGEGAP,EMPLOYEE,PC,A,2014,15.30483972,
NLD,WAGEGAP,EMPLOYEE,PC,A,2018,12.65709156,
NLD,WAGEGAP,EMPLOYEE,PC,A,2019,13.39802965,
NLD,WAGEGAP,EMPLOYEE,PC,A,2020,13.32908458,
NZL,WAGEGAP,SELFEMPLOYED,PC,A,1998,41.25873947,
NZL,WAGEGAP,SELFEMPLOYED,PC,A,1999,39.80355454,
NZL,WAGEGAP,SELFEMPLOYED,PC,A,2000,35.6033783,
NZL,WAGEGAP,SELFEMPLOYED,PC,A,2001,30.16352844,
NZL,WAGEGAP,SELFEMPLOYED,PC,A,2002,27.87761307,
NZL,WAGEGAP,SELFEMPLOYED,PC,A,2003,29.46860504,
NZL,WAGEGAP,SELFEMPLOYED,PC,A,2004,33.17309952,
NZL,WAGEGAP,SELFEMPLOYED,PC,A,2005,35.4479332,
NZL,WAGEGAP,SELFEMPLOYED,PC,A,2006,33.99879456,
NZL,WAGEGAP,SELFEMPLOYED,PC,A,2007,36.16145325,
NZL,WAGEGAP,SELFEMPLOYED,PC,A,2008,34.68622589,
NZL,WAGEGAP,SELFEMPLOYED,PC,A,2009,35.24718475,
NZL,WAGEGAP,SELFEMPLOYED,PC,A,2010,34.14882278,
NZL,WAGEGAP,SELFEMPLOYED,PC,A,2011,31.66379547,
NZL,WAGEGAP,SELFEMPLOYED,PC,A,2012,32.3612442,
NZL,WAGEGAP,SELFEMPLOYED,PC,A,2013,32.61222839,
NZL,WAGEGAP,SELFEMPLOYED,PC,A,2014,36.85513306,
NZL,WAGEGAP,SELFEMPLOYED,PC,A,2015,36.74911499,
NZL,WAGEGAP,SELFEMPLOYED,PC,A,2016,36.41521072,
NZL,WAGEGAP,SELFEMPLOYED,PC,A,2017,35.57738495,
NZL,WAGEGAP,SELFEMPLOYED,PC,A,2018,33.07390595,
NZL,WAGEGAP,SELFEMPLOYED,PC,A,2019,30.81484985,
NZL,WAGEGAP,EMPLOYEE,PC,A,1984,21.474652,
NZL,WAGEGAP,EMPLOYEE,PC,A,1986,23.01499874,
NZL,WAGEGAP,EMPLOYEE,PC,A,1988,20.28923374,
NZL,WAGEGAP,EMPLOYEE,PC,A,1990,17.11112352,
NZL,WAGEGAP,EMPLOYEE,PC,A,1992,15.57156471,
NZL,WAGEGAP,EMPLOYEE,PC,A,1994,13.30243244,
NZL,WAGEGAP,EMPLOYEE,PC,A,1995,13.68282986,
NZL,WAGEGAP,EMPLOYEE,PC,A,1996,20.39488599,
NZL,WAGEGAP,EMPLOYEE,PC,A,1997,12.70949716,
NZL,WAGEGAP,EMPLOYEE,PC,A,1998,11.4,
NZL,WAGEGAP,EMPLOYEE,PC,A,1999,8.333333333,
NZL,WAGEGAP,EMPLOYEE,PC,A,2000,7.166556072,
NZL,WAGEGAP,EMPLOYEE,PC,A,2001,8.056265985,
NZL,WAGEGAP,EMPLOYEE,PC,A,2002,7.3125,
NZL,WAGEGAP,EMPLOYEE,PC,A,2003,7.692307692,
NZL,WAGEGAP,EMPLOYEE,PC,A,2004,8.076699593,
NZL,WAGEGAP,EMPLOYEE,PC,A,2005,9.611111111,
NZL,WAGEGAP,EMPLOYEE,PC,A,2006,9.333333333,
NZL,WAGEGAP,EMPLOYEE,PC,A,2007,7.142857143,
NZL,WAGEGAP,EMPLOYEE,PC,A,2008,8.053691275,
NZL,WAGEGAP,EMPLOYEE,PC,A,2009,8.759124088,
NZL,WAGEGAP,EMPLOYEE,PC,A,2010,7.011235955,
NZL,WAGEGAP,EMPLOYEE,PC,A,2011,4.533333333,
NZL,WAGEGAP,EMPLOYEE,PC,A,2012,5.907906169,
NZL,WAGEGAP,EMPLOYEE,PC,A,2013,6.594323873,
NZL,WAGEGAP,EMPLOYEE,PC,A,2014,6.083333333,
NZL,WAGEGAP,EMPLOYEE,PC,A,2015,7.92,
NZL,WAGEGAP,EMPLOYEE,PC,A,2016,7.769230769,
NZL,WAGEGAP,EMPLOYEE,PC,A,2017,7.150837989,
NZL,WAGEGAP,EMPLOYEE,PC,A,2018,7.869692533,
NZL,WAGEGAP,EMPLOYEE,PC,A,2019,6.508450198,
NZL,WAGEGAP,EMPLOYEE,PC,A,2020,4.581467448,
NZL,WAGEGAP,EMPLOYEE,PC,A,2021,6.666666667,
NOR,WAGEGAP,SELFEMPLOYED,PC,A,2003,32.32259369,
NOR,WAGEGAP,SELFEMPLOYED,PC,A,2004,32.48556519,
NOR,WAGEGAP,SELFEMPLOYED,PC,A,2005,30.87851524,
NOR,WAGEGAP,SELFEMPLOYED,PC,A,2006,27.91967011,
NOR,WAGEGAP,SELFEMPLOYED,PC,A,2007,26.36008072,
NOR,WAGEGAP,SELFEMPLOYED,PC,A,2008,28.09613609,
NOR,WAGEGAP,SELFEMPLOYED,PC,A,2009,28.1039505,
NOR,WAGEGAP,SELFEMPLOYED,PC,A,2010,26.65661621,
NOR,WAGEGAP,SELFEMPLOYED,PC,A,2011,25.35111427,
NOR,WAGEGAP,SELFEMPLOYED,PC,A,2012,18.67658234,
NOR,WAGEGAP,SELFEMPLOYED,PC,A,2013,18.54119492,
NOR,WAGEGAP,SELFEMPLOYED,PC,A,2014,14.85724735,
NOR,WAGEGAP,SELFEMPLOYED,PC,A,2015,24.01694298,
NOR,WAGEGAP,SELFEMPLOYED,PC,A,2016,9.081855774,
NOR,WAGEGAP,SELFEMPLOYED,PC,A,2017,12.18875027,
NOR,WAGEGAP,SELFEMPLOYED,PC,A,2018,14.96143723,
NOR,WAGEGAP,SELFEMPLOYED,PC,A,2019,18.98992729,
NOR,WAGEGAP,EMPLOYEE,PC,A,1997,9.318996416,
NOR,WAGEGAP,EMPLOYEE,PC,A,1998,8.8878327,
NOR,WAGEGAP,EMPLOYEE,PC,A,1999,9.215955984,
NOR,WAGEGAP,EMPLOYEE,PC,A,2000,9.225413403,
NOR,WAGEGAP,EMPLOYEE,PC,A,2001,9.787588505,
NOR,WAGEGAP,EMPLOYEE,PC,A,2002,9.690074539,
NOR,WAGEGAP,EMPLOYEE,PC,A,2003,9.329779132,
NOR,WAGEGAP,EMPLOYEE,PC,A,2004,8.449669361,
NOR,WAGEGAP,EMPLOYEE,PC,A,2005,8.624376336,
NOR,WAGEGAP,EMPLOYEE,PC,A,2006,8.210742388,
NOR,WAGEGAP,EMPLOYEE,PC,A,2007,8.789439794,
NOR,WAGEGAP,EMPLOYEE,PC,A,2008,8.757575758,
NOR,WAGEGAP,EMPLOYEE,PC,A,2009,8.284371328,
NOR,WAGEGAP,EMPLOYEE,PC,A,2010,7.236095346,
NOR,WAGEGAP,EMPLOYEE,PC,A,2011,7.144812483,
NOR,WAGEGAP,EMPLOYEE,PC,A,2012,5.792118487,
NOR,WAGEGAP,EMPLOYEE,PC,A,2013,6.597045339,
NOR,WAGEGAP,EMPLOYEE,PC,A,2014,5.8006941,
NOR,WAGEGAP,EMPLOYEE,PC,A,2015,6.957773513,
NOR,WAGEGAP,EMPLOYEE,PC,A,2016,6.306306306,
NOR,WAGEGAP,EMPLOYEE,PC,A,2017,5.49476135,
NOR,WAGEGAP,EMPLOYEE,PC,A,2018,5.129369042,
NOR,WAGEGAP,EMPLOYEE,PC,A,2019,4.36786655,
NOR,WAGEGAP,EMPLOYEE,PC,A,2020,4.813863928,
NOR,WAGEGAP,EMPLOYEE,PC,A,2021,4.601479047,
POL,WAGEGAP,SELFEMPLOYED,PC,A,2004,53.69146347,
POL,WAGEGAP,SELFEMPLOYED,PC,A,2005,54.65535736,
POL,WAGEGAP,SELFEMPLOYED,PC,A,2006,53.150177,
POL,WAGEGAP,SELFEMPLOYED,PC,A,2007,56.82787323,
POL,WAGEGAP,SELFEMPLOYED,PC,A,2008,58.06636429,
POL,WAGEGAP,SELFEMPLOYED,PC,A,2009,61.63500977,
POL,WAGEGAP,SELFEMPLOYED,PC,A,2010,61.63191986,
POL,WAGEGAP,SELFEMPLOYED,PC,A,2011,61.92814255,
POL,WAGEGAP,SELFEMPLOYED,PC,A,2012,61.23438263,
POL,WAGEGAP,SELFEMPLOYED,PC,A,2013,60.21186829,
POL,WAGEGAP,SELFEMPLOYED,PC,A,2014,58.68841553,
POL,WAGEGAP,SELFEMPLOYED,PC,A,2015,57.08498001,
POL,WAGEGAP,SELFEMPLOYED,PC,A,2016,53.31880951,
POL,WAGEGAP,SELFEMPLOYED,PC,A,2017,50.21768951,
POL,WAGEGAP,SELFEMPLOYED,PC,A,2018,48.22084045,
POL,WAGEGAP,EMPLOYEE,PC,A,1991,20.14881718,
POL,WAGEGAP,EMPLOYEE,PC,A,1992,17.24770506,
POL,WAGEGAP,EMPLOYEE,PC,A,1993,20.02866825,
POL,WAGEGAP,EMPLOYEE,PC,A,1994,18.85394398,
POL,WAGEGAP,EMPLOYEE,PC,A,1995,20.10461352,
POL,WAGEGAP,EMPLOYEE,PC,A,1996,20.46569513,
POL,WAGEGAP,EMPLOYEE,PC,A,1997,18.56877152,
POL,WAGEGAP,EMPLOYEE,PC,A,1998,19.1076226,
POL,WAGEGAP,EMPLOYEE,PC,A,1999,17.55932069,
POL,WAGEGAP,EMPLOYEE,PC,A,2001,14.29974246,
POL,WAGEGAP,EMPLOYEE,PC,A,2002,11.31595541,
POL,WAGEGAP,EMPLOYEE,PC,A,2004,10.63884891,
POL,WAGEGAP,EMPLOYEE,PC,A,2006,11.44042048,
POL,WAGEGAP,EMPLOYEE,PC,A,2008,12.99382224,
POL,WAGEGAP,EMPLOYEE,PC,A,2010,7.190207044,
POL,WAGEGAP,EMPLOYEE,PC,A,2012,10.62015527,
POL,WAGEGAP,EMPLOYEE,PC,A,2014,11.07286288,
POL,WAGEGAP,EMPLOYEE,PC,A,2016,9.417880936,
POL,WAGEGAP,EMPLOYEE,PC,A,2018,11.49790995,
POL,WAGEGAP,EMPLOYEE,PC,A,2020,8.690614137,
PRT,WAGEGAP,SELFEMPLOYED,PC,A,2006,62.25012207,
PRT,WAGEGAP,SELFEMPLOYED,PC,A,2007,60.9223938,
PRT,WAGEGAP,SELFEMPLOYED,PC,A,2008,60.39190292,
PRT,WAGEGAP,SELFEMPLOYED,PC,A,2009,58.39020538,
PRT,WAGEGAP,SELFEMPLOYED,PC,A,2010,59.24471283,
PRT,WAGEGAP,SELFEMPLOYED,PC,A,2011,58.69573212,
PRT,WAGEGAP,SELFEMPLOYED,PC,A,2012,54.43709946,
PRT,WAGEGAP,SELFEMPLOYED,PC,A,2013,47.00923538,
PRT,WAGEGAP,SELFEMPLOYED,PC,A,2014,40.3680954,
PRT,WAGEGAP,SELFEMPLOYED,PC,A,2015,41.19813538,
PRT,WAGEGAP,SELFEMPLOYED,PC,A,2016,42.36741257,
PRT,WAGEGAP,SELFEMPLOYED,PC,A,2017,45.65552521,
PRT,WAGEGAP,SELFEMPLOYED,PC,A,2018,41.70879364,
PRT,WAGEGAP,SELFEMPLOYED,PC,A,2019,40.91336823,
PRT,WAGEGAP,EMPLOYEE,PC,A,2002,21.85714286,
PRT,WAGEGAP,EMPLOYEE,PC,A,2006,12.80846064,
PRT,WAGEGAP,EMPLOYEE,PC,A,2010,16.02094241,
PRT,WAGEGAP,EMPLOYEE,PC,A,2014,15.3217569,
PRT,WAGEGAP,EMPLOYEE,PC,A,2018,11.66500499,
PRT,WAGEGAP,EMPLOYEE,PC,A,2019,11.41903735,
PRT,WAGEGAP,EMPLOYEE,PC,A,2020,11.71680755,
SVK,WAGEGAP,SELFEMPLOYED,PC,A,2004,21.46562195,
SVK,WAGEGAP,SELFEMPLOYED,PC,A,2005,19.86986733,
SVK,WAGEGAP,SELFEMPLOYED,PC,A,2006,23.73947334,
SVK,WAGEGAP,SELFEMPLOYED,PC,A,2007,26.85341263,
SVK,WAGEGAP,SELFEMPLOYED,PC,A,2008,29.88480759,
SVK,WAGEGAP,SELFEMPLOYED,PC,A,2009,31.57911873,
SVK,WAGEGAP,SELFEMPLOYED,PC,A,2010,30.92767143,
SVK,WAGEGAP,SELFEMPLOYED,PC,A,2011,32.2073288,
SVK,WAGEGAP,SELFEMPLOYED,PC,A,2012,32.33683014,
SVK,WAGEGAP,SELFEMPLOYED,PC,A,2013,35.46736527,
SVK,WAGEGAP,SELFEMPLOYED,PC,A,2014,31.51595116,
SVK,WAGEGAP,SELFEMPLOYED,PC,A,2015,25.5620575,
SVK,WAGEGAP,SELFEMPLOYED,PC,A,2016,17.27853394,
SVK,WAGEGAP,SELFEMPLOYED,PC,A,2017,13.49979973,
SVK,WAGEGAP,SELFEMPLOYED,PC,A,2018,12.07424355,
SVK,WAGEGAP,SELFEMPLOYED,PC,A,2019,11.4848156,
SVK,WAGEGAP,EMPLOYEE,PC,A,2002,20.35516093,
SVK,WAGEGAP,EMPLOYEE,PC,A,2003,20.68965517,
SVK,WAGEGAP,EMPLOYEE,PC,A,2004,20.88376561,
SVK,WAGEGAP,EMPLOYEE,PC,A,2005,20.09925558,
SVK,WAGEGAP,EMPLOYEE,PC,A,2006,17.80276817,
SVK,WAGEGAP,EMPLOYEE,PC,A,2007,17.52170482,
SVK,WAGEGAP,EMPLOYEE,PC,A,2008,16.44476957,
SVK,WAGEGAP,EMPLOYEE,PC,A,2009,16.43272126,
SVK,WAGEGAP,EMPLOYEE,PC,A,2010,14.85111765,
SVK,WAGEGAP,EMPLOYEE,PC,A,2011,15.44985643,
SVK,WAGEGAP,EMPLOYEE,PC,A,2012,15.96526916,
SVK,WAGEGAP,EMPLOYEE,PC,A,2013,14.10932976,
SVK,WAGEGAP,EMPLOYEE,PC,A,2014,14.35004753,
SVK,WAGEGAP,EMPLOYEE,PC,A,2015,13.37662489,
SVK,WAGEGAP,EMPLOYEE,PC,A,2016,13.89918214,
SVK,WAGEGAP,EMPLOYEE,PC,A,2017,15.04004233,
SVK,WAGEGAP,EMPLOYEE,PC,A,2018,15.66208013,
SVK,WAGEGAP,EMPLOYEE,PC,A,2019,13.86984995,
SVK,WAGEGAP,EMPLOYEE,PC,A,2020,11.01446782,
SVK,WAGEGAP,EMPLOYEE,PC,A,2021,11.70037136,
ESP,WAGEGAP,SELFEMPLOYED,PC,A,2005,38.98350525,
ESP,WAGEGAP,SELFEMPLOYED,PC,A,2006,37.54260635,
ESP,WAGEGAP,SELFEMPLOYED,PC,A,2007,36.20564652,
ESP,WAGEGAP,SELFEMPLOYED,PC,A,2008,31.65397835,
ESP,WAGEGAP,SELFEMPLOYED,PC,A,2009,29.97127533,
ESP,WAGEGAP,SELFEMPLOYED,PC,A,2010,24.73823929,
ESP,WAGEGAP,SELFEMPLOYED,PC,A,2011,23.48894692,
ESP,WAGEGAP,SELFEMPLOYED,PC,A,2012,23.03538704,
ESP,WAGEGAP,SELFEMPLOYED,PC,A,2013,24.90014267,
ESP,WAGEGAP,SELFEMPLOYED,PC,A,2014,28.56960487,
ESP,WAGEGAP,SELFEMPLOYED,PC,A,2015,26.50705719,
ESP,WAGEGAP,SELFEMPLOYED,PC,A,2016,25.14599991,
ESP,WAGEGAP,SELFEMPLOYED,PC,A,2017,24.45154762,
ESP,WAGEGAP,SELFEMPLOYED,PC,A,2018,26.07144356,
ESP,WAGEGAP,SELFEMPLOYED,PC,A,2019,28.81312561,
ESP,WAGEGAP,EMPLOYEE,PC,A,2002,17.16196137,
ESP,WAGEGAP,EMPLOYEE,PC,A,2006,13.53333333,
ESP,WAGEGAP,EMPLOYEE,PC,A,2010,13.50446429,
ESP,WAGEGAP,EMPLOYEE,PC,A,2014,11.54049762,
ESP,WAGEGAP,EMPLOYEE,PC,A,2018,8.621607238,
ESP,WAGEGAP,EMPLOYEE,PC,A,2020,8.093713127,
SWE,WAGEGAP,SELFEMPLOYED,PC,A,2003,5.566279888,
SWE,WAGEGAP,SELFEMPLOYED,PC,A,2004,13.16923714,
SWE,WAGEGAP,SELFEMPLOYED,PC,A,2005,18.08114815,
SWE,WAGEGAP,SELFEMPLOYED,PC,A,2006,19.74643517,
SWE,WAGEGAP,SELFEMPLOYED,PC,A,2007,12.05309105,
SWE,WAGEGAP,SELFEMPLOYED,PC,A,2008,9.97487545,
SWE,WAGEGAP,SELFEMPLOYED,PC,A,2009,15.58997536,
SWE,WAGEGAP,SELFEMPLOYED,PC,A,2010,17.9980793,
SWE,WAGEGAP,SELFEMPLOYED,PC,A,2011,17.93542099,
SWE,WAGEGAP,SELFEMPLOYED,PC,A,2012,12.70672321,
SWE,WAGEGAP,SELFEMPLOYED,PC,A,2013,18.77646065,
SWE,WAGEGAP,SELFEMPLOYED,PC,A,2014,16.23773384,
SWE,WAGEGAP,SELFEMPLOYED,PC,A,2015,17.60556603,
SWE,WAGEGAP,SELFEMPLOYED,PC,A,2016,16.54999352,
SWE,WAGEGAP,SELFEMPLOYED,PC,A,2017,11.83626747,
SWE,WAGEGAP,SELFEMPLOYED,PC,A,2018,15.88677025,
SWE,WAGEGAP,SELFEMPLOYED,PC,A,2019,5.887932301,
SWE,WAGEGAP,EMPLOYEE,PC,A,1995,9.677419355,
SWE,WAGEGAP,EMPLOYEE,PC,A,1996,11.51515152,
SWE,WAGEGAP,EMPLOYEE,PC,A,1997,11.56069364,
SWE,WAGEGAP,EMPLOYEE,PC,A,1998,12.77777778,
SWE,WAGEGAP,EMPLOYEE,PC,A,1999,11.82795699,
SWE,WAGEGAP,EMPLOYEE,PC,A,2000,12.37113402,
SWE,WAGEGAP,EMPLOYEE,PC,A,2001,12.37623762,
SWE,WAGEGAP,EMPLOYEE,PC,A,2002,11.90476191,
SWE,WAGEGAP,EMPLOYEE,PC,A,2003,11.52073733,
SWE,WAGEGAP,EMPLOYEE,PC,A,2004,10.76233184,
SWE,WAGEGAP,EMPLOYEE,PC,A,2005,11.30434783,
SWE,WAGEGAP,EMPLOYEE,PC,A,2006,11.01694915,
SWE,WAGEGAP,EMPLOYEE,PC,A,2007,11.83673469,
SWE,WAGEGAP,EMPLOYEE,PC,A,2008,10.58823529,
SWE,WAGEGAP,EMPLOYEE,PC,A,2009,9.541984733,
SWE,WAGEGAP,EMPLOYEE,PC,A,2010,9.36329588,
SWE,WAGEGAP,EMPLOYEE,PC,A,2011,9.157509158,
SWE,WAGEGAP,EMPLOYEE,PC,A,2012,9.285714286,
SWE,WAGEGAP,EMPLOYEE,PC,A,2013,9.375,
SWE,WAGEGAP,EMPLOYEE,PC,A,2014,9.152542373,
SWE,WAGEGAP,EMPLOYEE,PC,A,2015,8.333333333,
SWE,WAGEGAP,EMPLOYEE,PC,A,2016,8.169934641,
SWE,WAGEGAP,EMPLOYEE,PC,A,2017,7.348242812,
SWE,WAGEGAP,EMPLOYEE,PC,A,2018,7.142857143,
SWE,WAGEGAP,EMPLOYEE,PC,A,2019,7.575757576,
SWE,WAGEGAP,EMPLOYEE,PC,A,2020,7.418397626,
CHE,WAGEGAP,SELFEMPLOYED,PC,A,2007,58.17345429,
CHE,WAGEGAP,SELFEMPLOYED,PC,A,2008,56.09236527,
CHE,WAGEGAP,SELFEMPLOYED,PC,A,2009,51.42195892,
CHE,WAGEGAP,SELFEMPLOYED,PC,A,2010,50.67002487,
CHE,WAGEGAP,SELFEMPLOYED,PC,A,2011,49.34988785,
CHE,WAGEGAP,SELFEMPLOYED,PC,A,2012,50.09189606,
CHE,WAGEGAP,SELFEMPLOYED,PC,A,2013,44.25848389,
CHE,WAGEGAP,SELFEMPLOYED,PC,A,2014,42.23618698,
CHE,WAGEGAP,SELFEMPLOYED,PC,A,2015,41.09042358,
CHE,WAGEGAP,SELFEMPLOYED,PC,A,2016,44.09544754,
CHE,WAGEGAP,SELFEMPLOYED,PC,A,2017,44.24666214,
CHE,WAGEGAP,SELFEMPLOYED,PC,A,2018,44.11386108,
CHE,WAGEGAP,EMPLOYEE,PC,A,1996,25.47202797,
CHE,WAGEGAP,EMPLOYEE,PC,A,1998,24.12242781,
CHE,WAGEGAP,EMPLOYEE,PC,A,2000,23.78714118,
CHE,WAGEGAP,EMPLOYEE,PC,A,2002,22.80161943,
CHE,WAGEGAP,EMPLOYEE,PC,A,2004,22.012478,
CHE,WAGEGAP,EMPLOYEE,PC,A,2006,21.31813213,
CHE,WAGEGAP,EMPLOYEE,PC,A,2008,21.30750605,
CHE,WAGEGAP,EMPLOYEE,PC,A,2010,20.05359536,
CHE,WAGEGAP,EMPLOYEE,PC,A,2012,19.34352644,
CHE,WAGEGAP,EMPLOYEE,PC,A,2014,16.94074284,
CHE,WAGEGAP,EMPLOYEE,PC,A,2016,14.76237207,
CHE,WAGEGAP,EMPLOYEE,PC,A,2018,15.09564735,
CHE,WAGEGAP,EMPLOYEE,PC,A,2020,13.8025469,
TUR,WAGEGAP,EMPLOYEE,PC,A,2006,3.206997085,
TUR,WAGEGAP,EMPLOYEE,PC,A,2010,3.10421286,
TUR,WAGEGAP,EMPLOYEE,PC,A,2014,6.882591093,
TUR,WAGEGAP,EMPLOYEE,PC,A,2018,9.980806142,
GBR,WAGEGAP,SELFEMPLOYED,PC,A,2004,46.03619766,
GBR,WAGEGAP,SELFEMPLOYED,PC,A,2005,44.91970444,
GBR,WAGEGAP,SELFEMPLOYED,PC,A,2006,43.58444595,
GBR,WAGEGAP,SELFEMPLOYED,PC,A,2007,39.92857361,
GBR,WAGEGAP,SELFEMPLOYED,PC,A,2008,38.44083405,
GBR,WAGEGAP,SELFEMPLOYED,PC,A,2009,38.21543503,
GBR,WAGEGAP,SELFEMPLOYED,PC,A,2010,40.42116547,
GBR,WAGEGAP,SELFEMPLOYED,PC,A,2011,39.59993744,
GBR,WAGEGAP,SELFEMPLOYED,PC,A,2012,36.37662125,
GBR,WAGEGAP,SELFEMPLOYED,PC,A,2013,32.93783569,
GBR,WAGEGAP,SELFEMPLOYED,PC,A,2014,32.29985046,
GBR,WAGEGAP,SELFEMPLOYED,PC,A,2015,32.83839798,
GBR,WAGEGAP,SELFEMPLOYED,PC,A,2016,34.16888809,
GBR,WAGEGAP,SELFEMPLOYED,PC,A,2017,34.19130325,
GBR,WAGEGAP,EMPLOYEE,PC,A,1970,47.57803918,
GBR,WAGEGAP,EMPLOYEE,PC,A,1971,45.52742185,
GBR,WAGEGAP,EMPLOYEE,PC,A,1972,45.67779473,
GBR,WAGEGAP,EMPLOYEE,PC,A,1973,46.37872641,
GBR,WAGEGAP,EMPLOYEE,PC,A,1974,44.42223433,
GBR,WAGEGAP,EMPLOYEE,PC,A,1975,39.85541472,
GBR,WAGEGAP,EMPLOYEE,PC,A,1976,36.55030194,
GBR,WAGEGAP,EMPLOYEE,PC,A,1977,35.78836762,
GBR,WAGEGAP,EMPLOYEE,PC,A,1978,37.47486876,
GBR,WAGEGAP,EMPLOYEE,PC,A,1979,38.29523952,
GBR,WAGEGAP,EMPLOYEE,PC,A,1980,36.68858597,
GBR,WAGEGAP,EMPLOYEE,PC,A,1981,35.4268123,
GBR,WAGEGAP,EMPLOYEE,PC,A,1982,35.65961949,
GBR,WAGEGAP,EMPLOYEE,PC,A,1983,34.56728192,
GBR,WAGEGAP,EMPLOYEE,PC,A,1984,35.08152659,
GBR,WAGEGAP,EMPLOYEE,PC,A,1985,35.12011437,
GBR,WAGEGAP,EMPLOYEE,PC,A,1986,34.93850632,
GBR,WAGEGAP,EMPLOYEE,PC,A,1987,34.51295439,
GBR,WAGEGAP,EMPLOYEE,PC,A,1988,34.04572949,
GBR,WAGEGAP,EMPLOYEE,PC,A,1989,33.73065917,
GBR,WAGEGAP,EMPLOYEE,PC,A,1990,32.74495595,
GBR,WAGEGAP,EMPLOYEE,PC,A,1991,31.07547805,
GBR,WAGEGAP,EMPLOYEE,PC,A,1992,29.9466794,
GBR,WAGEGAP,EMPLOYEE,PC,A,1993,28.71901926,
GBR,WAGEGAP,EMPLOYEE,PC,A,1994,28.07971854,
GBR,WAGEGAP,EMPLOYEE,PC,A,1995,28.19283491,
GBR,WAGEGAP,EMPLOYEE,PC,A,1996,27.21841089,
GBR,WAGEGAP,EMPLOYEE,PC,A,1997,26.91907015,
GBR,WAGEGAP,EMPLOYEE,PC,A,1998,27.03529422,
GBR,WAGEGAP,EMPLOYEE,PC,A,1999,26.08972842,
GBR,WAGEGAP,EMPLOYEE,PC,A,2000,26.28031383,
GBR,WAGEGAP,EMPLOYEE,PC,A,2001,25.6396459,
GBR,WAGEGAP,EMPLOYEE,PC,A,2002,24.37909944,
GBR,WAGEGAP,EMPLOYEE,PC,A,2003,24.12446709,
GBR,WAGEGAP,EMPLOYEE,PC,A,2004,23.35874097,
GBR,WAGEGAP,EMPLOYEE,PC,A,2005,22.0639582,
GBR,WAGEGAP,EMPLOYEE,PC,A,2006,21.71808402,
GBR,WAGEGAP,EMPLOYEE,PC,A,2007,21.63478071,
GBR,WAGEGAP,EMPLOYEE,PC,A,2008,21.85786911,
GBR,WAGEGAP,EMPLOYEE,PC,A,2009,20.68629595,
GBR,WAGEGAP,EMPLOYEE,PC,A,2010,19.23143692,
GBR,WAGEGAP,EMPLOYEE,PC,A,2011,18.2460052,
GBR,WAGEGAP,EMPLOYEE,PC,A,2012,17.78388278,
GBR,WAGEGAP,EMPLOYEE,PC,A,2013,17.48201439,
GBR,WAGEGAP,EMPLOYEE,PC,A,2014,17.38274257,
GBR,WAGEGAP,EMPLOYEE,PC,A,2015,17.10155148,
GBR,WAGEGAP,EMPLOYEE,PC,A,2016,16.7965368,
GBR,WAGEGAP,EMPLOYEE,PC,A,2017,16.53410053,
GBR,WAGEGAP,EMPLOYEE,PC,A,2018,16.3104242,
GBR,WAGEGAP,EMPLOYEE,PC,A,2019,16.09980928,
GBR,WAGEGAP,EMPLOYEE,PC,A,2020,11.98380567,
GBR,WAGEGAP,EMPLOYEE,PC,A,2021,14.34929405,
USA,WAGEGAP,SELFEMPLOYED,PC,A,2005,63.20000076,
USA,WAGEGAP,SELFEMPLOYED,PC,A,2006,41.38426971,
USA,WAGEGAP,SELFEMPLOYED,PC,A,2007,43.82904053,
USA,WAGEGAP,SELFEMPLOYED,PC,A,2008,47.52147293,
USA,WAGEGAP,SELFEMPLOYED,PC,A,2009,49.13993454,
USA,WAGEGAP,SELFEMPLOYED,PC,A,2010,49.12309265,
USA,WAGEGAP,SELFEMPLOYED,PC,A,2011,46.24177933,
USA,WAGEGAP,SELFEMPLOYED,PC,A,2012,46.24343491,
USA,WAGEGAP,SELFEMPLOYED,PC,A,2013,45.79272842,B
USA,WAGEGAP,SELFEMPLOYED,PC,A,2014,48.56545639,
USA,WAGEGAP,SELFEMPLOYED,PC,A,2015,49.11928177,
USA,WAGEGAP,SELFEMPLOYED,PC,A,2016,49.47015762,
USA,WAGEGAP,SELFEMPLOYED,PC,A,2017,42.97639465,
USA,WAGEGAP,SELFEMPLOYED,PC,A,2018,39.37737274,B
USA,WAGEGAP,SELFEMPLOYED,PC,A,2019,38.08293915,
USA,WAGEGAP,SELFEMPLOYED,PC,A,2020,41.80211258,
USA,WAGEGAP,EMPLOYEE,PC,A,1973,38.1104034,
USA,WAGEGAP,EMPLOYEE,PC,A,1974,39.10068426,
USA,WAGEGAP,EMPLOYEE,PC,A,1975,37.63003166,
USA,WAGEGAP,EMPLOYEE,PC,A,1976,37.7559727,
USA,WAGEGAP,EMPLOYEE,PC,A,1977,38.22485207,
USA,WAGEGAP,EMPLOYEE,PC,A,1978,38.97247706,
USA,WAGEGAP,EMPLOYEE,PC,A,1979,37.64195057,
USA,WAGEGAP,EMPLOYEE,PC,A,1980,36.55215104,
USA,WAGEGAP,EMPLOYEE,PC,A,1981,35.17400058,
USA,WAGEGAP,EMPLOYEE,PC,A,1982,34.72409152,
USA,WAGEGAP,EMPLOYEE,PC,A,1983,34.28645028,
USA,WAGEGAP,EMPLOYEE,PC,A,1984,33.43217198,
USA,WAGEGAP,EMPLOYEE,PC,A,1985,32.9782197,
USA,WAGEGAP,EMPLOYEE,PC,A,1986,32.19021491,
USA,WAGEGAP,EMPLOYEE,PC,A,1987,31.02222222,
USA,WAGEGAP,EMPLOYEE,PC,A,1988,30.06917423,
USA,WAGEGAP,EMPLOYEE,PC,A,1989,29.36357908,
USA,WAGEGAP,EMPLOYEE,PC,A,1990,28.45544956,
USA,WAGEGAP,EMPLOYEE,PC,A,1991,26.57109191,
USA,WAGEGAP,EMPLOYEE,PC,A,1992,25.05773672,
USA,WAGEGAP,EMPLOYEE,PC,A,1993,23.87640449,
USA,WAGEGAP,EMPLOYEE,PC,A,1994,23.88451444,
USA,WAGEGAP,EMPLOYEE,PC,A,1995,24.57998539,
USA,WAGEGAP,EMPLOYEE,PC,A,1996,23.82394868,
USA,WAGEGAP,EMPLOYEE,PC,A,1997,23.78649162,
USA,WAGEGAP,EMPLOYEE,PC,A,1998,23.7458194,
USA,WAGEGAP,EMPLOYEE,PC,A,1999,23.46278317,
USA,WAGEGAP,EMPLOYEE,PC,A,2000,23.08892356,
USA,WAGEGAP,EMPLOYEE,PC,A,2001,23.58208955,
USA,WAGEGAP,EMPLOYEE,PC,A,2002,22.09131075,
USA,WAGEGAP,EMPLOYEE,PC,A,2003,20.57553957,
USA,WAGEGAP,EMPLOYEE,PC,A,2004,19.63534362,
USA,WAGEGAP,EMPLOYEE,PC,A,2005,18.97506925,
USA,WAGEGAP,EMPLOYEE,PC,A,2006,19.24629879,
USA,WAGEGAP,EMPLOYEE,PC,A,2007,19.84334204,
USA,WAGEGAP,EMPLOYEE,PC,A,2008,20.05012531,
USA,WAGEGAP,EMPLOYEE,PC,A,2009,19.78021978,
USA,WAGEGAP,EMPLOYEE,PC,A,2010,18.81067961,
USA,WAGEGAP,EMPLOYEE,PC,A,2011,17.78846154,
USA,WAGEGAP,EMPLOYEE,PC,A,2012,19.08665105,
USA,WAGEGAP,EMPLOYEE,PC,A,2013,17.90697674,
USA,WAGEGAP,EMPLOYEE,PC,A,2014,17.45120551,
USA,WAGEGAP,EMPLOYEE,PC,A,2015,18.88268156,
USA,WAGEGAP,EMPLOYEE,PC,A,2016,18.1420765,
USA,WAGEGAP,EMPLOYEE,PC,A,2017,18.17215728,
USA,WAGEGAP,EMPLOYEE,PC,A,2018,18.91058582,
USA,WAGEGAP,EMPLOYEE,PC,A,2019,18.47070507,
USA,WAGEGAP,EMPLOYEE,PC,A,2020,17.65249538,
USA,WAGEGAP,EMPLOYEE,PC,A,2021,16.86417502,
BGR,WAGEGAP,EMPLOYEE,PC,A,2002,12.01269266,
BGR,WAGEGAP,EMPLOYEE,PC,A,2010,6.934306569,
BGR,WAGEGAP,EMPLOYEE,PC,A,2014,4.0625,
BGR,WAGEGAP,EMPLOYEE,PC,A,2018,3.03030303,
BGR,WAGEGAP,EMPLOYEE,PC,A,2019,3.357796768,
BGR,WAGEGAP,EMPLOYEE,PC,A,2020,2.5546879,
CHL,WAGEGAP,EMPLOYEE,PC,A,1998,14.28571429,
CHL,WAGEGAP,EMPLOYEE,PC,A,2000,6.0729,
CHL,WAGEGAP,EMPLOYEE,PC,A,2003,1.683183892,
CHL,WAGEGAP,EMPLOYEE,PC,A,2006,5.555555556,
CHL,WAGEGAP,EMPLOYEE,PC,A,2009,9.090909091,
CHL,WAGEGAP,EMPLOYEE,PC,A,2011,16,
CHL,WAGEGAP,EMPLOYEE,PC,A,2013,10.66666667,
CHL,WAGEGAP,EMPLOYEE,PC,A,2015,14.28571429,
CHL,WAGEGAP,EMPLOYEE,PC,A,2017,12.5,
CHL,WAGEGAP,EMPLOYEE,PC,A,2020,8.596458333,
COL,WAGEGAP,EMPLOYEE,PC,A,2007,1.339317018,
COL,WAGEGAP,EMPLOYEE,PC,A,2008,1.739690722,
COL,WAGEGAP,EMPLOYEE,PC,A,2009,3.384675171,
COL,WAGEGAP,EMPLOYEE,PC,A,2010,6.430555556,
COL,WAGEGAP,EMPLOYEE,PC,A,2011,3.534808419,
COL,WAGEGAP,EMPLOYEE,PC,A,2012,8.197946776,
COL,WAGEGAP,EMPLOYEE,PC,A,2013,7.142857143,
COL,WAGEGAP,EMPLOYEE,PC,A,2014,9.6,
COL,WAGEGAP,EMPLOYEE,PC,A,2015,11.14171573,
COL,WAGEGAP,EMPLOYEE,PC,A,2016,7.091750669,
COL,WAGEGAP,EMPLOYEE,PC,A,2017,7.692307692,
COL,WAGEGAP,EMPLOYEE,PC,A,2018,5.787925926,
COL,WAGEGAP,EMPLOYEE,PC,A,2019,4,
CRI,WAGEGAP,EMPLOYEE,PC,A,2011,4.630681818,
CRI,WAGEGAP,EMPLOYEE,PC,A,2012,0.552486188,
CRI,WAGEGAP,EMPLOYEE,PC,A,2014,5.149700599,
CRI,WAGEGAP,EMPLOYEE,PC,A,2015,3.703703704,
CRI,WAGEGAP,EMPLOYEE,PC,A,2016,1.785714286,
CRI,WAGEGAP,EMPLOYEE,PC,A,2017,2.967032967,
CRI,WAGEGAP,EMPLOYEE,PC,A,2018,4.725274725,
HRV,WAGEGAP,EMPLOYEE,PC,A,2010,3.832335329,
HRV,WAGEGAP,EMPLOYEE,PC,A,2018,7.915057915,
HRV,WAGEGAP,EMPLOYEE,PC,A,2019,7.574852294,
CYP,WAGEGAP,EMPLOYEE,PC,A,2002,31.39994632,
CYP,WAGEGAP,EMPLOYEE,PC,A,2006,30.47830923,
CYP,WAGEGAP,EMPLOYEE,PC,A,2010,24.60099064,
CYP,WAGEGAP,EMPLOYEE,PC,A,2014,13.40923466,
CYP,WAGEGAP,EMPLOYEE,PC,A,2018,15.87104774,
CYP,WAGEGAP,EMPLOYEE,PC,A,2019,16.84177026,
CYP,WAGEGAP,EMPLOYEE,PC,A,2020,16.58211345,
EST,WAGEGAP,SELFEMPLOYED,PC,A,2003,18.58316803,
EST,WAGEGAP,SELFEMPLOYED,PC,A,2004,14.18298626,
EST,WAGEGAP,SELFEMPLOYED,PC,A,2005,9.0828228,
EST,WAGEGAP,SELFEMPLOYED,PC,A,2006,2.404143572,
EST,WAGEGAP,SELFEMPLOYED,PC,A,2007,-7.364863873,
EST,WAGEGAP,SELFEMPLOYED,PC,A,2008,-23.14301491,
EST,WAGEGAP,SELFEMPLOYED,PC,A,2009,-28.11709785,
EST,WAGEGAP,SELFEMPLOYED,PC,A,2010,-30.37996864,
EST,WAGEGAP,SELFEMPLOYED,PC,A,2011,-25.50544167,
EST,WAGEGAP,SELFEMPLOYED,PC,A,2012,-24.27906418,
EST,WAGEGAP,SELFEMPLOYED,PC,A,2013,-22.17424011,
EST,WAGEGAP,SELFEMPLOYED,PC,A,2014,-25.08417702,
EST,WAGEGAP,SELFEMPLOYED,PC,A,2015,-19.22379303,
EST,WAGEGAP,SELFEMPLOYED,PC,A,2016,-5.487162113,
EST,WAGEGAP,SELFEMPLOYED,PC,A,2017,1.909476638,
EST,WAGEGAP,SELFEMPLOYED,PC,A,2018,2.161053896,
EST,WAGEGAP,EMPLOYEE,PC,A,2002,25.00065194,
EST,WAGEGAP,EMPLOYEE,PC,A,2006,27.85602504,
EST,WAGEGAP,EMPLOYEE,PC,A,2010,27.79783394,
EST,WAGEGAP,EMPLOYEE,PC,A,2014,28.33935018,
EST,WAGEGAP,EMPLOYEE,PC,A,2018,22.68115942,
EST,WAGEGAP,EMPLOYEE,PC,A,2020,19.60168201,
ISR,WAGEGAP,EMPLOYEE,PC,A,2001,27.97471833,
ISR,WAGEGAP,EMPLOYEE,PC,A,2002,24.20761246,
ISR,WAGEGAP,EMPLOYEE,PC,A,2003,25.32531132,
ISR,WAGEGAP,EMPLOYEE,PC,A,2004,25.01352814,
ISR,WAGEGAP,EMPLOYEE,PC,A,2005,21.92439863,
ISR,WAGEGAP,EMPLOYEE,PC,A,2006,21.95521573,
ISR,WAGEGAP,EMPLOYEE,PC,A,2007,20.40924794,
ISR,WAGEGAP,EMPLOYEE,PC,A,2008,22.05882353,
ISR,WAGEGAP,EMPLOYEE,PC,A,2009,21.13599802,
ISR,WAGEGAP,EMPLOYEE,PC,A,2010,20.39157739,
ISR,WAGEGAP,EMPLOYEE,PC,A,2011,19.65966691,
ISR,WAGEGAP,EMPLOYEE,PC,A,2012,20,
ISR,WAGEGAP,EMPLOYEE,PC,A,2013,20.34590182,
ISR,WAGEGAP,EMPLOYEE,PC,A,2014,20.1081412,
ISR,WAGEGAP,EMPLOYEE,PC,A,2015,20.43918919,
ISR,WAGEGAP,EMPLOYEE,PC,A,2016,21.59333204,
ISR,WAGEGAP,EMPLOYEE,PC,A,2017,21.79178994,
ISR,WAGEGAP,EMPLOYEE,PC,A,2018,22.65919243,
ISR,WAGEGAP,EMPLOYEE,PC,A,2019,24.31886983,
LVA,WAGEGAP,SELFEMPLOYED,PC,A,2006,17.95976257,
LVA,WAGEGAP,SELFEMPLOYED,PC,A,2007,23.3775425,
LVA,WAGEGAP,SELFEMPLOYED,PC,A,2008,24.93691444,
LVA,WAGEGAP,SELFEMPLOYED,PC,A,2009,22.82089424,
LVA,WAGEGAP,SELFEMPLOYED,PC,A,2010,19.03422737,
LVA,WAGEGAP,SELFEMPLOYED,PC,A,2011,22.3838768,
LVA,WAGEGAP,SELFEMPLOYED,PC,A,2012,20.56173325,
LVA,WAGEGAP,SELFEMPLOYED,PC,A,2013,20.85688973,
LVA,WAGEGAP,SELFEMPLOYED,PC,A,2014,18.92839432,
LVA,WAGEGAP,SELFEMPLOYED,PC,A,2015,20.8108139,
LVA,WAGEGAP,SELFEMPLOYED,PC,A,2016,27.07033539,
LVA,WAGEGAP,SELFEMPLOYED,PC,A,2017,29.75634193,
LVA,WAGEGAP,SELFEMPLOYED,PC,A,2018,32.43795013,
LVA,WAGEGAP,SELFEMPLOYED,PC,A,2019,27.89544106,
LVA,WAGEGAP,EMPLOYEE,PC,A,2002,18.91955557,
LVA,WAGEGAP,EMPLOYEE,PC,A,2006,8.465608466,
LVA,WAGEGAP,EMPLOYEE,PC,A,2010,19.05564924,
LVA,WAGEGAP,EMPLOYEE,PC,A,2014,21.12299465,
LVA,WAGEGAP,EMPLOYEE,PC,A,2018,20.28985507,
LVA,WAGEGAP,EMPLOYEE,PC,A,2019,19.75940106,
LTU,WAGEGAP,SELFEMPLOYED,PC,A,2004,29.58753586,
LTU,WAGEGAP,SELFEMPLOYED,PC,A,2005,27.7326889,
LTU,WAGEGAP,SELFEMPLOYED,PC,A,2006,21.42800522,
LTU,WAGEGAP,SELFEMPLOYED,PC,A,2007,16.51308632,
LTU,WAGEGAP,SELFEMPLOYED,PC,A,2008,7.075431824,
LTU,WAGEGAP,SELFEMPLOYED,PC,A,2009,3.037997723,
LTU,WAGEGAP,SELFEMPLOYED,PC,A,2010,-3.189761877,
LTU,WAGEGAP,SELFEMPLOYED,PC,A,2011,7.785508633,
LTU,WAGEGAP,SELFEMPLOYED,PC,A,2012,5.790710926,
LTU,WAGEGAP,SELFEMPLOYED,PC,A,2013,14.82113648,
LTU,WAGEGAP,SELFEMPLOYED,PC,A,2014,9.585942268,
LTU,WAGEGAP,SELFEMPLOYED,PC,A,2015,15.53674126,
LTU,WAGEGAP,SELFEMPLOYED,PC,A,2016,17.32135201,
LTU,WAGEGAP,SELFEMPLOYED,PC,A,2017,29.88202477,
LTU,WAGEGAP,SELFEMPLOYED,PC,A,2018,30.18175697,
LTU,WAGEGAP,SELFEMPLOYED,PC,A,2019,32.18199921,
LTU,WAGEGAP,EMPLOYEE,PC,A,2002,15.08374319,
LTU,WAGEGAP,EMPLOYEE,PC,A,2006,16.81818182,
LTU,WAGEGAP,EMPLOYEE,PC,A,2010,10.64257028,
LTU,WAGEGAP,EMPLOYEE,PC,A,2014,12.47974068,
LTU,WAGEGAP,EMPLOYEE,PC,A,2018,11.68981482,
LTU,WAGEGAP,EMPLOYEE,PC,A,2020,9.327989049,
MLT,WAGEGAP,EMPLOYEE,PC,A,2002,13.55573327,
MLT,WAGEGAP,EMPLOYEE,PC,A,2006,7.440719542,
MLT,WAGEGAP,EMPLOYEE,PC,A,2010,7.067879636,
MLT,WAGEGAP,EMPLOYEE,PC,A,2014,8.989460632,
MLT,WAGEGAP,EMPLOYEE,PC,A,2018,11.09375,
ROU,WAGEGAP,EMPLOYEE,PC,A,2002,16.16099071,
ROU,WAGEGAP,EMPLOYEE,PC,A,2006,8.396946565,
ROU,WAGEGAP,EMPLOYEE,PC,A,2010,9.631728045,
ROU,WAGEGAP,EMPLOYEE,PC,A,2014,1.546391753,
ROU,WAGEGAP,EMPLOYEE,PC,A,2018,3.496503497,
ROU,WAGEGAP,EMPLOYEE,PC,A,2019,5.855397311,
ROU,WAGEGAP,EMPLOYEE,PC,A,2020,3.304181392,
SVN,WAGEGAP,SELFEMPLOYED,PC,A,2004,28.55166435,
SVN,WAGEGAP,SELFEMPLOYED,PC,A,2005,29.83192825,
SVN,WAGEGAP,SELFEMPLOYED,PC,A,2006,29.04448319,
SVN,WAGEGAP,SELFEMPLOYED,PC,A,2007,28.61247444,
SVN,WAGEGAP,SELFEMPLOYED,PC,A,2008,27.7061348,
SVN,WAGEGAP,SELFEMPLOYED,PC,A,2009,29.53689766,
SVN,WAGEGAP,SELFEMPLOYED,PC,A,2010,32.83020401,
SVN,WAGEGAP,SELFEMPLOYED,PC,A,2011,33.93264389,
SVN,WAGEGAP,SELFEMPLOYED,PC,A,2012,31.09319115,
SVN,WAGEGAP,SELFEMPLOYED,PC,A,2013,30.99978638,
SVN,WAGEGAP,SELFEMPLOYED,PC,A,2014,30.46665955,
SVN,WAGEGAP,SELFEMPLOYED,PC,A,2015,32.28016281,
SVN,WAGEGAP,SELFEMPLOYED,PC,A,2016,33.59681702,
SVN,WAGEGAP,SELFEMPLOYED,PC,A,2017,38.73517227,
SVN,WAGEGAP,SELFEMPLOYED,PC,A,2018,39.3512001,
SVN,WAGEGAP,SELFEMPLOYED,PC,A,2019,39.75672531,
SVN,WAGEGAP,EMPLOYEE,PC,A,2002,9.358884068,
SVN,WAGEGAP,EMPLOYEE,PC,A,2006,6.557377049,
SVN,WAGEGAP,EMPLOYEE,PC,A,2010,0.991735537,
SVN,WAGEGAP,EMPLOYEE,PC,A,2014,4.996271439,
SVN,WAGEGAP,EMPLOYEE,PC,A,2018,8.194536975,
OECD,WAGEGAP,EMPLOYEE,PC,A,1995,18.99047514,
OECD,WAGEGAP,EMPLOYEE,PC,A,1996,19.2077812,
OECD,WAGEGAP,EMPLOYEE,PC,A,1997,18.9022803,
OECD,WAGEGAP,EMPLOYEE,PC,A,1998,18.73192127,
OECD,WAGEGAP,EMPLOYEE,PC,A,1999,18.4104925,
OECD,WAGEGAP,EMPLOYEE,PC,A,2000,18.12702902,
OECD,WAGEGAP,EMPLOYEE,PC,A,2001,17.89593353,
OECD,WAGEGAP,EMPLOYEE,PC,A,2002,17.70166996,
OECD,WAGEGAP,EMPLOYEE,PC,A,2003,16.88658591,
OECD,WAGEGAP,EMPLOYEE,PC,A,2004,16.50592911,
OECD,WAGEGAP,EMPLOYEE,PC,A,2005,16.03707235,
OECD,WAGEGAP,EMPLOYEE,PC,A,2006,15.72440351,
OECD,WAGEGAP,EMPLOYEE,PC,A,2007,14.90029779,
OECD,WAGEGAP,EMPLOYEE,PC,A,2008,14.8935992,
OECD,WAGEGAP,EMPLOYEE,PC,A,2009,14.38134512,
OECD,WAGEGAP,EMPLOYEE,PC,A,2010,13.61901685,
OECD,WAGEGAP,EMPLOYEE,PC,A,2011,13.48047231,
OECD,WAGEGAP,EMPLOYEE,PC,A,2012,13.55410039,
OECD,WAGEGAP,EMPLOYEE,PC,A,2013,13.44590949,
OECD,WAGEGAP,EMPLOYEE,PC,A,2014,13.49748563,
OECD,WAGEGAP,EMPLOYEE,PC,A,2015,13.7114217,
OECD,WAGEGAP,EMPLOYEE,PC,A,2016,13.18551393,
OECD,WAGEGAP,EMPLOYEE,PC,A,2017,12.76987177,
OECD,WAGEGAP,EMPLOYEE,PC,A,2018,12.79678919,
OECD,WAGEGAP,EMPLOYEE,PC,A,2019,12.62546293,
OECD,WAGEGAP,EMPLOYEE,PC,A,2020,11.96344773,
DEU,WAGEGAP,SELFEMPLOYED,PC,A,2014,37.65455246,
DEU,WAGEGAP,SELFEMPLOYED,PC,A,2015,34.61444092,
DEU,WAGEGAP,SELFEMPLOYED,PC,A,2016,28.27435112,
DEU,WAGEGAP,SELFEMPLOYED,PC,A,2017,26.87146568,
DEU,WAGEGAP,SELFEMPLOYED,PC,A,2018,25.81259346,
EU27,WAGEGAP,EMPLOYEE,PC,A,2002,16.77532664,
EU27,WAGEGAP,EMPLOYEE,PC,A,2003,15.54697079,
EU27,WAGEGAP,EMPLOYEE,PC,A,2004,15.07513053,
EU27,WAGEGAP,EMPLOYEE,PC,A,2005,14.40323792,
EU27,WAGEGAP,EMPLOYEE,PC,A,2006,13.38802372,
EU27,WAGEGAP,EMPLOYEE,PC,A,2007,13.68902506,
EU27,WAGEGAP,EMPLOYEE,PC,A,2008,13.29322832,
EU27,WAGEGAP,EMPLOYEE,PC,A,2009,12.68987643,
EU27,WAGEGAP,EMPLOYEE,PC,A,2010,12.06893233,
EU27,WAGEGAP,EMPLOYEE,PC,A,2011,12.3805925,
EU27,WAGEGAP,EMPLOYEE,PC,A,2012,12.54419845,
EU27,WAGEGAP,EMPLOYEE,PC,A,2013,12.27675125,
EU27,WAGEGAP,EMPLOYEE,PC,A,2014,10.80827478,
EU27,WAGEGAP,EMPLOYEE,PC,A,2015,12.3054208,
EU27,WAGEGAP,EMPLOYEE,PC,A,2016,11.85204228,
EU27,WAGEGAP,EMPLOYEE,PC,A,2017,11.50515451,
EU27,WAGEGAP,EMPLOYEE,PC,A,2018,10.8027859,
EU27,WAGEGAP,EMPLOYEE,PC,A,2019,10.92149019,
EU27,WAGEGAP,EMPLOYEE,PC,A,2020,10.30736825,
ARG,WAGEGAP,EMPLOYEE,PC,A,2017,7.857142857,
ARG,WAGEGAP,EMPLOYEE,PC,A,2018,11.11111111,
ARG,WAGEGAP,EMPLOYEE,PC,A,2019,12,
ARG,WAGEGAP,EMPLOYEE,PC,A,2020,6.25,
ARG,WAGEGAP,EMPLOYEE,PC,A,2021,6.25,
BRA,WAGEGAP,EMPLOYEE,PC,A,2012,15,
BRA,WAGEGAP,EMPLOYEE,PC,A,2013,16.36363636,
BRA,WAGEGAP,EMPLOYEE,PC,A,2014,16.66666667,
BRA,WAGEGAP,EMPLOYEE,PC,A,2015,15.38461539,
BRA,WAGEGAP,EMPLOYEE,PC,A,2016,14.28571429,
BRA,WAGEGAP,EMPLOYEE,PC,A,2017,13.33333333,
BRA,WAGEGAP,EMPLOYEE,PC,A,2018,10.66666667,
BRA,WAGEGAP,EMPLOYEE,PC,A,2019,6.666666667,
BRA,WAGEGAP,EMPLOYEE,PC,A,2020,6.25,
BRA,WAGEGAP,EMPLOYEE,PC,A,2021,9.090909091,